Timestamp,Close,PortfolioValue,TradeDirection,PositionSize
2024-02-13 22:00:00,77.85,100000,1,1253.67
2024-02-13 22:30:00,77.85,100000,,
2024-02-13 23:00:00,77.85,100000,,
2024-02-13 23:30:00,77.86,100013,,
2024-02-14 00:00:00,77.85,100000,,
2024-02-14 00:30:00,77.81,99949.9,,
2024-02-14 01:00:00,77.8,99937.3,,
2024-02-14 01:30:00,77.72,99837,1,1253.67
2024-02-14 02:00:00,77.98,99837,1,1229.71
2024-02-14 02:30:00,77.95,99800.1,,
2024-02-14 03:00:00,78.05,99923.1,,
2024-02-14 03:30:00,77.79,99603.4,1,1229.71
2024-02-14 04:00:00,77.81,99603.4,,
2024-02-14 04:30:00,77.86,99603.4,1,1419.68
2024-02-14 05:00:00,78,99802.1,,
2024-02-14 05:30:00,78.06,99887.3,,
2024-02-14 06:00:00,77.91,99674.4,,
2024-02-14 06:30:00,77.87,99617.6,,
2024-02-14 07:00:00,78.05,99873.1,,
2024-02-14 07:30:00,77.97,99759.5,,
2024-02-14 08:00:00,78.18,100058,,
2024-02-14 08:30:00,78.2,100086,,
2024-02-14 09:00:00,78.27,100185,,
2024-02-14 09:30:00,78.58,100626,,
2024-02-14 10:00:00,78.19,100072,,
2024-02-14 10:30:00,77.87,99617.6,1,1419.68
2024-02-14 11:00:00,77.4,99617.6,,
2024-02-14 11:30:00,77.53,99617.6,,
2024-02-14 12:00:00,77.08,99617.6,,
2024-02-14 12:30:00,76.9,99617.6,-1,1161.02
2024-02-14 13:00:00,76.89,99629.2,,
2024-02-14 13:30:00,77.06,99431.8,,
2024-02-14 14:00:00,76.65,99907.8,,
2024-02-14 14:30:00,76.53,100047,-1,1161.02
2024-02-14 15:00:00,76.49,100047,,
2024-02-14 15:30:00,76.62,100047,,
2024-02-14 16:00:00,76.59,100047,,
2024-02-14 16:30:00,76.56,100047,,
2024-02-14 18:00:00,76.52,100047,,
2024-02-14 18:30:00,76.53,100047,,
2024-02-14 19:00:00,76.45,100047,,
2024-02-14 19:30:00,76.44,100047,,
2024-02-14 20:00:00,76.31,100047,,
2024-02-14 20:30:00,76.27,100047,,
2024-02-14 21:00:00,76.28,100047,,
2024-02-14 21:30:00,76.35,100047,,
2024-02-14 22:00:00,76.25,100047,,
2024-02-14 22:30:00,76.2,100047,,
2024-02-14 23:00:00,76.22,100047,,
2024-02-14 23:30:00,76.18,100047,,
2024-02-15 00:00:00,76.3,100047,-1,1045.87
2024-02-15 00:30:00,76.26,100089,,
2024-02-15 01:00:00,76.3,100047,,
2024-02-15 01:30:00,76.37,99973.9,-1,1045.87
2024-02-15 02:00:00,76.4,99973.9,,
2024-02-15 02:30:00,76.15,99973.9,,
2024-02-15 03:00:00,75.99,99973.9,,
2024-02-15 03:30:00,76.47,99973.9,,
2024-02-15 04:00:00,76.65,99973.9,,
2024-02-15 04:30:00,76.18,99973.9,-1,1154.27
2024-02-15 05:00:00,76.2,99950.9,,
2024-02-15 05:30:00,76.04,100136,,
2024-02-15 06:00:00,75.79,100424,,
2024-02-15 06:30:00,76.08,100089,,
2024-02-15 07:00:00,76.05,100124,,
2024-02-15 07:30:00,76.31,99823.9,-1,1154.27
2024-02-15 08:00:00,76.48,99823.9,,
2024-02-15 08:30:00,76.68,99823.9,,
2024-02-15 09:00:00,76.87,99823.9,,
2024-02-15 09:30:00,77.03,99823.9,,
2024-02-15 10:00:00,77.54,99823.9,,
2024-02-15 10:30:00,77.74,99823.9,,
2024-02-15 11:00:00,77.78,99823.9,,
2024-02-15 11:30:00,78.36,99823.9,,
2024-02-15 12:00:00,78.24,99823.9,,
2024-02-15 12:30:00,78.13,99823.9,1,1135.83
2024-02-15 13:00:00,78.07,99755.7,,
2024-02-15 13:30:00,78.05,99733,,
2024-02-15 14:00:00,78.03,99710.3,,
2024-02-15 14:30:00,78.3,100017,,
2024-02-15 15:00:00,78.28,99994.3,,
2024-02-15 15:30:00,78.16,99858,,
2024-02-15 16:00:00,78.18,99880.7,,
2024-02-15 16:30:00,78.07,99755.7,,
2024-02-15 18:00:00,78.12,99812.5,,
2024-02-15 18:30:00,78.14,99835.2,,
2024-02-15 19:00:00,78.07,99755.7,,
2024-02-15 19:30:00,78.07,99755.7,,
2024-02-15 20:00:00,78.06,99744.4,,
2024-02-15 20:30:00,78.06,99744.4,,
2024-02-15 21:00:00,78.05,99733,1,1135.83
2024-02-15 21:30:00,78.18,99733,1,1349.18
2024-02-15 22:00:00,78.07,99584.6,1,1349.18
2024-02-15 22:30:00,78.02,99584.6,,
2024-02-15 23:00:00,78.05,99584.6,,
2024-02-15 23:30:00,78.07,99584.6,,
2024-02-16 00:00:00,78.05,99584.6,,
2024-02-16 00:30:00,78.14,99584.6,1,1420.14
2024-02-16 01:00:00,78.09,99513.6,1,1420.14
2024-02-16 01:30:00,78.09,99513.6,,
2024-02-16 02:00:00,78.01,99513.6,,
2024-02-16 02:30:00,78.03,99513.6,,
2024-02-16 03:00:00,78.03,99513.6,,
2024-02-16 03:30:00,77.69,99513.6,,
2024-02-16 04:00:00,77.63,99513.6,,
2024-02-16 04:30:00,77.34,99513.6,,
2024-02-16 05:00:00,77.32,99513.6,,
2024-02-16 05:30:00,77.37,99513.6,,
2024-02-16 06:00:00,77.36,99513.6,,
2024-02-16 06:30:00,77.43,99513.6,,
2024-02-16 07:00:00,77.54,99513.6,,
2024-02-16 07:30:00,77.52,99513.6,,
2024-02-16 08:00:00,77.9,99513.6,1,1617.61
2024-02-16 08:30:00,78.44,100387,,
2024-02-16 09:00:00,78.45,100403,,
2024-02-16 09:30:00,78.06,99772.4,,
2024-02-16 10:00:00,77.99,99659.2,,
2024-02-16 10:30:00,78.22,100031,,
2024-02-16 11:00:00,78.41,100339,,
2024-02-16 11:30:00,78.71,100824,,
2024-02-16 12:00:00,78.98,101261,,
2024-02-16 12:30:00,78.72,100840,,
2024-02-16 13:00:00,78.8,100969,,
2024-02-16 13:30:00,79.02,101325,,
2024-02-16 14:00:00,79.2,101616,,
2024-02-16 14:30:00,79.2,101616,,
2024-02-16 15:00:00,79.2,101616,,
2024-02-16 15:30:00,79.12,101487,,
2024-02-16 16:00:00,79.27,101730,,
2024-02-16 16:30:00,79.22,101649,,
2024-02-18 18:00:00,79.05,101374,,
2024-02-18 18:30:00,79.03,101341,,
2024-02-18 19:00:00,79.09,101439,,
2024-02-18 19:30:00,78.97,101244,,
2024-02-18 20:00:00,78.84,101034,1,1617.61
2024-02-18 20:30:00,78.79,101034,,
2024-02-18 21:00:00,78.73,101034,,
2024-02-18 22:30:00,78.78,101034,,
2024-02-18 23:30:00,78.7,101034,,
2024-02-19 00:30:00,78.72,101034,,
2024-02-19 01:00:00,78.75,101034,,
2024-02-19 01:30:00,78.68,101034,,
2024-02-19 02:00:00,78.88,101034,,
2024-02-19 02:30:00,78.82,101034,,
2024-02-19 03:00:00,78.75,101034,,
2024-02-19 03:30:00,78.66,101034,,
2024-02-19 04:00:00,78.72,101034,,
2024-02-19 04:30:00,78.9,101034,1,1381.71
2024-02-19 05:00:00,78.86,100979,1,1381.71
2024-02-19 05:30:00,78.94,100979,1,1374.08
2024-02-19 06:00:00,78.79,100773,1,1374.08
2024-02-19 06:30:00,79.04,100773,1,1322.8
2024-02-19 07:00:00,79.15,100918,,
2024-02-19 07:30:00,79.24,101037,,
2024-02-19 08:00:00,79.3,101117,,
2024-02-19 08:30:00,79.24,101037,,
2024-02-19 09:00:00,79.35,101183,,
2024-02-19 09:30:00,79.51,101394,,
2024-02-19 10:00:00,79.61,101527,,
2024-02-19 10:30:00,79.71,101659,,
2024-02-19 11:00:00,79.66,101593,,
2024-02-19 11:30:00,79.55,101447,,
2024-02-19 12:00:00,79.43,101289,,
2024-02-19 12:30:00,79.61,101527,,
2024-02-19 13:30:00,79.4,101249,,
2024-02-19 14:00:00,79.29,101103,1,1322.8
2024-02-19 18:30:00,79.13,101103,,
2024-02-19 19:30:00,79.26,101103,,
2024-02-19 20:00:00,79.45,101103,1,1119.85
2024-02-19 21:30:00,79.5,101159,,
2024-02-19 23:00:00,79.49,101148,,
2024-02-20 01:30:00,79.46,101115,,
2024-02-20 02:00:00,79.43,101081,,
2024-02-20 03:00:00,79.57,101238,,
2024-02-20 03:30:00,79.28,100913,1,1119.85
2024-02-20 04:00:00,79.15,100913,,
2024-02-20 04:30:00,78.93,100913,,
2024-02-20 05:00:00,78.91,100913,,
2024-02-20 05:30:00,79.09,100913,,
2024-02-20 06:00:00,78.88,100913,,
2024-02-20 06:30:00,78.83,100913,,
2024-02-20 07:30:00,78.8,100913,,
2024-02-20 08:00:00,79.15,100913,,
2024-02-20 08:30:00,79.2,100913,1,1556.89
2024-02-20 09:00:00,79.77,101801,,
2024-02-20 09:30:00,79.58,101505,,
2024-02-20 10:00:00,78.9,100446,1,1556.89
2024-02-20 10:30:00,78.48,100446,,
2024-02-20 11:00:00,78.59,100446,,
2024-02-20 11:30:00,78.86,100446,-1,1792.98
2024-02-20 12:00:00,79.15,99926.1,-1,1792.98
2024-02-20 12:30:00,79.17,99926.1,,
2024-02-20 13:00:00,79.46,99926.1,1,1363.57
2024-02-20 13:30:00,79.23,99612.4,,
2024-02-20 14:00:00,78.27,98303.4,1,1363.57
2024-02-21 03:30:00,76.38,98303.4,,
2024-02-21 04:00:00,76.58,98303.4,,
2024-02-21 04:30:00,76.67,98303.4,,
2024-02-21 05:00:00,76.69,98303.4,,
2024-02-21 05:30:00,76.66,98303.4,,
2024-02-21 06:00:00,76.55,98303.4,,
2024-02-21 06:30:00,76.63,98303.4,,
2024-02-21 07:00:00,76.65,98303.4,,
2024-02-21 07:30:00,76.87,98303.4,,
2024-02-21 08:00:00,76.81,98303.4,,
2024-02-21 08:30:00,76.89,98303.4,,
2024-02-21 09:00:00,77.01,98303.4,-1,1053.48
2024-02-21 09:30:00,77.26,98040,,
2024-02-21 10:00:00,77.31,97987.4,,
2024-02-21 10:30:00,77.51,97776.7,-1,1053.48
2024-02-21 11:00:00,77.6,97776.7,,
2024-02-21 11:30:00,77.88,97776.7,,
2024-02-21 12:00:00,77.84,97776.7,,
2024-02-21 12:30:00,77.79,97776.7,,
2024-02-21 13:00:00,77.56,97776.7,,
2024-02-21 13:30:00,77.74,97776.7,,
2024-02-21 14:00:00,77.89,97776.7,,
2024-02-21 14:30:00,77.97,97776.7,,
2024-02-21 15:00:00,77.9,97776.7,,
2024-02-21 15:30:00,78.03,97776.7,,
2024-02-21 16:00:00,78.01,97776.7,,
2024-02-21 16:30:00,78.06,97776.7,,
2024-02-21 18:00:00,78.05,97776.7,,
2024-02-21 18:30:00,78.09,97776.7,,
2024-02-21 19:00:00,78.14,97776.7,,
2024-02-21 19:30:00,78.11,97776.7,,
2024-02-21 20:00:00,77.98,97776.7,,
2024-02-21 20:30:00,77.97,97776.7,,
2024-02-21 21:00:00,77.94,97776.7,,
2024-02-21 21:30:00,78.08,97776.7,,
2024-02-21 22:00:00,78.1,97776.7,1,1705.06
2024-02-21 22:30:00,78.07,97725.5,1,1705.06
2024-02-21 23:00:00,78.09,97725.5,,
2024-02-21 23:30:00,78.12,97725.5,,
2024-02-22 00:00:00,78.16,97725.5,,
2024-02-22 00:30:00,78.16,97725.5,1,1757.36
2024-02-22 01:00:00,78.18,97760.7,,
2024-02-22 01:30:00,78.19,97778.2,,
2024-02-22 02:00:00,78.22,97831,,
2024-02-22 02:30:00,78.19,97778.2,,
2024-02-22 03:00:00,78.27,97918.8,,
2024-02-22 03:30:00,78.11,97637.7,1,1757.36
2024-02-22 04:00:00,78.03,97637.7,,
2024-02-22 04:30:00,78.25,97637.7,1,1798.98
2024-02-22 05:00:00,78.38,97871.5,,
2024-02-22 05:30:00,78.07,97313.8,1,1798.98
2024-02-22 06:00:00,77.98,97313.8,,
2024-02-22 06:30:00,77.86,97313.8,,
2024-02-22 07:00:00,77.71,97313.8,,
2024-02-22 07:30:00,77.74,97313.8,,
2024-02-22 08:00:00,77.65,97313.8,,
2024-02-22 08:30:00,77.34,97313.8,,
2024-02-22 09:00:00,77.78,97313.8,,
2024-02-22 09:30:00,77.98,97313.8,1,1683.27
2024-02-22 10:00:00,78.08,97482.2,,
2024-02-22 10:30:00,78.2,97684.2,,
2024-02-22 11:00:00,78.44,98088.1,,
2024-02-22 11:30:00,78.75,98610,,
2024-02-22 12:00:00,78.72,98559.5,,
2024-02-22 12:30:00,78.87,98811.9,,
2024-02-22 13:00:00,78.85,98778.3,,
2024-02-22 13:30:00,78.66,98458.5,,
2024-02-22 14:00:00,78.59,98340.6,,
2024-02-22 14:30:00,78.52,98222.8,,
2024-02-22 15:00:00,78.51,98206,,
2024-02-22 15:30:00,78.43,98071.3,,
2024-02-22 16:00:00,78.45,98105,,
2024-02-22 16:30:00,78.34,97919.8,,
2024-02-22 18:00:00,78.27,97802,1,1683.27
2024-02-22 18:30:00,78.25,97802,,
2024-02-22 19:00:00,78.24,97802,,
2024-02-22 19:30:00,78.3,97802,,
2024-02-22 20:00:00,78.29,97802,,
2024-02-22 20:30:00,78.38,97802,1,1761.34
2024-02-22 21:00:00,78.31,97678.7,1,1761.34
2024-02-22 21:30:00,78.28,97678.7,,
2024-02-22 22:00:00,78.24,97678.7,,
2024-02-22 22:30:00,78.15,97678.7,,
2024-02-22 23:00:00,78.23,97678.7,,
2024-02-22 23:30:00,78.23,97678.7,,
2024-02-23 00:00:00,78.19,97678.7,,
2024-02-23 00:30:00,78.12,97678.7,,
2024-02-23 01:00:00,78.08,97678.7,,
2024-02-23 01:30:00,78.15,97678.7,,
2024-02-23 02:00:00,78.09,97678.7,-1,1651.8
2024-02-23 02:30:00,78.19,97513.5,,
2024-02-23 03:00:00,78.02,97794.3,,
2024-02-23 03:30:00,77.84,98091.6,,
2024-02-23 04:00:00,77.6,98488.1,,
2024-02-23 04:30:00,77.45,98735.8,,
2024-02-23 05:00:00,77.64,98422,,
2024-02-23 05:30:00,77.55,98570.7,,
2024-02-23 06:00:00,77.67,98372.4,,
2024-02-23 06:30:00,77.36,98884.5,,
2024-02-23 07:00:00,77.39,98835,,
2024-02-23 07:30:00,77.29,99000.1,,
2024-02-23 08:00:00,77.15,99231.4,,
2024-02-23 08:30:00,77.52,98620.2,,
2024-02-23 09:00:00,76.94,99578.3,,
2024-02-23 09:30:00,76.95,99561.7,,
2024-02-23 10:00:00,76.8,99809.5,,
2024-02-23 10:30:00,77.32,98950.6,,
2024-02-23 11:00:00,77.28,99016.7,,
2024-02-23 11:30:00,76.8,99809.5,-1,1651.8
2024-02-23 12:00:00,76.56,99809.5,,
2024-02-23 12:30:00,76.48,99809.5,,
2024-02-23 13:00:00,76.4,99809.5,,
2024-02-23 13:30:00,76.66,99809.5,,
2024-02-23 14:00:00,76.5,99809.5,,
2024-02-23 14:30:00,76.73,99809.5,,
2024-02-23 15:00:00,76.63,99809.5,,
2024-02-23 15:30:00,76.58,99809.5,,
2024-02-23 16:00:00,76.55,99809.5,,
2024-02-23 16:30:00,76.61,99809.5,,
2024-02-25 18:00:00,76.45,99809.5,,
2024-02-25 18:30:00,76.44,99809.5,,
2024-02-25 19:00:00,76.34,99809.5,,
2024-02-25 19:30:00,76.22,99809.5,,
2024-02-25 20:00:00,76.16,99809.5,,
2024-02-25 20:30:00,76.1,99809.5,,
2024-02-25 21:00:00,76.15,99809.5,,
2024-02-25 21:30:00,76.16,99809.5,,
2024-02-25 22:00:00,76.09,99809.5,,
2024-02-25 22:30:00,76.06,99809.5,,
2024-02-25 23:00:00,76.13,99809.5,,
2024-02-25 23:30:00,76.16,99809.5,-1,1047.02
2024-02-26 00:00:00,76.12,99851.4,,
2024-02-26 00:30:00,76.12,99851.4,,
2024-02-26 01:00:00,76.26,99704.8,,
2024-02-26 01:30:00,76.29,99673.4,-1,1047.02
2024-02-26 02:00:00,76.27,99673.4,,
2024-02-26 02:30:00,76.08,99673.4,-1,1143.04
2024-02-26 03:00:00,76.01,99753.4,,
2024-02-26 03:30:00,76.14,99604.8,,
2024-02-26 04:00:00,76.13,99616.3,,
2024-02-26 04:30:00,76.2,99536.2,-1,1143.04
2024-02-26 05:00:00,76.18,99536.2,,
2024-02-26 05:30:00,76.35,99536.2,,
2024-02-26 06:00:00,76.27,99536.2,,
2024-02-26 06:30:00,76.16,99536.2,-1,1322.88
2024-02-26 07:00:00,76.08,99642.1,,
2024-02-26 07:30:00,76.04,99695,,
2024-02-26 08:00:00,76.33,99311.4,-1,1322.88
2024-02-26 08:30:00,76.3,99311.4,,
2024-02-26 09:00:00,76.24,99311.4,,
2024-02-26 09:30:00,76.92,99311.4,,
2024-02-26 10:00:00,77,99311.4,,
2024-02-26 10:30:00,77.08,99311.4,,
2024-02-26 11:00:00,77.23,99311.4,1,1681.06
2024-02-26 11:30:00,77.26,99361.8,,
2024-02-26 12:00:00,77.55,99849.3,,
2024-02-26 12:30:00,77.89,100421,,
2024-02-26 13:00:00,77.85,100354,,
2024-02-26 13:30:00,77.69,100085,,
2024-02-26 14:00:00,77.58,99899.7,,
2024-02-26 14:30:00,77.71,100118,,
2024-02-26 15:00:00,77.75,100186,,
2024-02-26 15:30:00,77.57,99882.9,,
2024-02-26 16:00:00,77.57,99882.9,,
2024-02-26 16:30:00,77.6,99933.3,,
2024-02-26 18:00:00,77.63,99983.8,,
2024-02-26 18:30:00,77.64,100001,,
2024-02-26 19:00:00,77.66,100034,,
2024-02-26 19:30:00,77.66,100034,,
2024-02-26 20:00:00,77.59,99916.5,,
2024-02-26 20:30:00,77.59,99916.5,,
2024-02-26 21:00:00,77.5,99765.2,1,1681.06
2024-02-26 21:30:00,77.53,99765.2,,
2024-02-26 22:00:00,77.58,99765.2,1,1605.15
2024-02-26 22:30:00,77.5,99636.8,1,1605.15
2024-02-26 23:00:00,77.6,99636.8,,
2024-02-26 23:30:00,77.54,99636.8,,
2024-02-27 00:00:00,77.61,99636.8,1,1604.87
2024-02-27 00:30:00,77.7,99781.3,,
2024-02-27 01:00:00,77.77,99893.6,,
2024-02-27 01:30:00,77.73,99829.4,,
2024-02-27 02:00:00,77.82,99973.8,,
2024-02-27 02:30:00,77.83,99989.9,,
2024-02-27 03:00:00,77.74,99845.5,,
2024-02-27 03:30:00,77.54,99524.5,1,1604.87
2024-02-27 04:00:00,77.58,99524.5,,
2024-02-27 04:30:00,77.77,99524.5,1,1498.96
2024-02-27 05:00:00,77.54,99179.7,1,1498.96
2024-02-27 05:30:00,77.41,99179.7,,
2024-02-27 06:00:00,77.23,99179.7,,
2024-02-27 06:30:00,77.31,99179.7,,
2024-02-27 07:00:00,77.43,99179.7,,
2024-02-27 07:30:00,77.42,99179.7,,
2024-02-27 08:00:00,77.5,99179.7,,
2024-02-27 08:30:00,77.71,99179.7,1,1496.01
2024-02-27 09:00:00,77.98,99583.6,,
2024-02-27 09:30:00,78.27,100017,,
2024-02-27 10:00:00,78.16,99852.9,,
2024-02-27 10:30:00,78.29,100047,,
2024-02-27 11:00:00,78.36,100152,,
2024-02-27 11:30:00,78.33,100107,,
2024-02-27 12:00:00,78.36,100152,,
2024-02-27 12:30:00,78.42,100242,,
2024-02-27 13:00:00,78.68,100631,,
2024-02-27 13:30:00,78.85,100885,,
2024-02-27 14:00:00,78.84,100870,,
2024-02-27 14:30:00,78.73,100706,,
2024-02-27 15:00:00,78.72,100691,,
2024-02-27 15:30:00,78.66,100601,,
2024-02-27 16:00:00,78.61,100526,,
2024-02-27 16:30:00,78.52,100391,,
2024-02-27 18:00:00,78.42,100242,,
2024-02-27 18:30:00,78.41,100227,,
2024-02-27 19:00:00,78.44,100272,,
2024-02-27 19:30:00,78.55,100436,,
2024-02-27 20:00:00,78.53,100406,,
2024-02-27 20:30:00,78.58,100481,,
2024-02-27 21:00:00,78.63,100556,,
2024-02-27 21:30:00,78.58,100481,,
2024-02-27 22:00:00,78.53,100406,1,1496.01
2024-02-27 22:30:00,78.59,100406,1,1301.28
2024-02-27 23:00:00,78.56,100367,,
2024-02-27 23:30:00,78.52,100315,1,1301.28
2024-02-28 00:00:00,78.57,100315,,
2024-02-28 00:30:00,78.56,100315,,
2024-02-28 01:00:00,78.49,100315,,
2024-02-28 01:30:00,78.39,100315,,
2024-02-28 02:00:00,78.43,100315,,
2024-02-28 02:30:00,78.41,100315,,
2024-02-28 03:00:00,78.25,100315,,
2024-02-28 03:30:00,78,100315,,
2024-02-28 04:00:00,78.12,100315,,
2024-02-28 04:30:00,78.03,100315,,
2024-02-28 05:00:00,77.99,100315,,
2024-02-28 05:30:00,78.01,100315,,
2024-02-28 06:00:00,78.13,100315,,
2024-02-28 06:30:00,78.02,100315,,
2024-02-28 07:00:00,78.06,100315,,
2024-02-28 07:30:00,78.15,100315,,
2024-02-28 08:00:00,78.7,100315,1,1200.67
2024-02-28 08:30:00,78.99,100664,,
2024-02-28 09:00:00,79.31,101048,1,1200.67
2024-02-28 09:30:00,79.54,101048,,
2024-02-28 10:00:00,79.22,101048,,
2024-02-28 10:30:00,79.08,101048,,
2024-02-28 11:00:00,78.22,101048,,
2024-02-28 11:30:00,78.28,101048,,
2024-02-28 12:00:00,78.94,101048,,
2024-02-28 12:30:00,78.73,101048,1,1050.64
2024-02-28 13:00:00,78.63,100943,,
2024-02-28 13:30:00,78.4,100701,1,1050.64
2024-02-28 14:00:00,78.5,100701,,
2024-02-28 14:30:00,78.39,100701,-1,1632.2
2024-02-28 15:00:00,78.39,100701,,
2024-02-28 15:30:00,78.42,100652,,
2024-02-28 16:00:00,78.33,100799,,
2024-02-28 16:30:00,78.29,100864,,
2024-02-28 18:00:00,78.2,101011,,
2024-02-28 18:30:00,78.14,101109,-1,1632.2
2024-02-28 19:00:00,78.11,101109,,
2024-02-28 19:30:00,78.15,101109,,
2024-02-28 20:00:00,78.29,101109,,
2024-02-28 20:30:00,78.46,101109,,
2024-02-28 21:00:00,78.49,101109,1,1586.05
2024-02-28 21:30:00,78.41,100982,1,1586.05
2024-02-28 22:00:00,78.41,100982,,
2024-02-28 22:30:00,78.5,100982,,
2024-02-28 23:00:00,78.47,100982,,
2024-02-28 23:30:00,78.51,100982,,
2024-02-29 00:00:00,78.51,100982,,
2024-02-29 00:30:00,78.51,100982,,
2024-02-29 01:00:00,78.57,100982,,
2024-02-29 01:30:00,78.44,100982,,
2024-02-29 02:00:00,78.31,100982,-1,1763.17
2024-02-29 02:30:00,78.19,101194,,
2024-02-29 03:00:00,78.2,101176,,
2024-02-29 03:30:00,78.11,101335,,
2024-02-29 04:00:00,78.32,100965,-1,1763.17
2024-02-29 04:30:00,78.56,100965,,
2024-02-29 05:00:00,78.64,100965,1,1446.19
2024-02-29 05:30:00,78.42,100646,,
2024-02-29 06:00:00,78.27,100429,1,1446.19
2024-02-29 06:30:00,78.26,100429,,
2024-02-29 07:00:00,78.75,100429,1,1262.24
2024-02-29 07:30:00,78.57,100202,,
2024-02-29 08:00:00,78.56,100190,,
2024-02-29 08:30:00,78.85,100556,,
2024-02-29 09:00:00,78.92,100644,,
2024-02-29 09:30:00,78.57,100202,,
2024-02-29 10:00:00,78.29,99848.9,1,1262.24
2024-02-29 10:30:00,78.64,99848.9,,
2024-02-29 11:00:00,78.87,99848.9,,
2024-02-29 11:30:00,79.16,99848.9,,
2024-02-29 12:00:00,78.73,99848.9,,
2024-02-29 12:30:00,78.46,99848.9,,
2024-02-29 13:00:00,78.53,99848.9,,
2024-02-29 13:30:00,78.53,99848.9,,
2024-02-29 14:00:00,78.27,99848.9,,
2024-02-29 14:30:00,78.04,99848.9,,
2024-02-29 15:00:00,78.14,99848.9,,
2024-02-29 15:30:00,78.14,99848.9,-1,1289
2024-02-29 16:00:00,78.28,99668.4,,
2024-02-29 16:30:00,78.3,99642.6,-1,1289
2024-02-29 18:00:00,78.25,99642.6,-1,1395.62
2024-02-29 18:30:00,78.25,99642.6,,
2024-02-29 19:00:00,78.34,99517,-1,1395.62
2024-02-29 19:30:00,78.39,99517,,
2024-02-29 20:00:00,78.44,99517,1,1753.88
2024-02-29 20:30:00,78.48,99587.2,1,1753.88
2024-02-29 21:00:00,78.47,99587.2,1,1782.69
2024-02-29 21:30:00,78.48,99605,,
2024-02-29 22:00:00,78.51,99658.5,,
2024-02-29 22:30:00,78.5,99640.7,1,1782.69
2024-02-29 23:00:00,78.49,99640.7,,
2024-02-29 23:30:00,78.47,99640.7,,
2024-03-01 00:00:00,78.47,99640.7,,
2024-03-01 00:30:00,78.55,99640.7,,
2024-03-01 01:00:00,78.55,99640.7,,
2024-03-01 01:30:00,78.44,99640.7,,
2024-03-01 02:00:00,78.4,99640.7,-1,1703.14
2024-03-01 02:30:00,78.46,99538.5,-1,1703.14
2024-03-01 03:00:00,78.25,99538.5,-1,1483.26
2024-03-01 03:30:00,78.32,99434.6,,
2024-03-01 04:00:00,78.88,98604,-1,1483.26
2024-03-01 04:30:00,79.24,98604,,
2024-03-01 05:00:00,79.16,98604,,
2024-03-01 05:30:00,79.13,98604,,
2024-03-01 06:00:00,79.51,98604,,
2024-03-01 06:30:00,79.46,98604,,
2024-03-01 07:00:00,79.46,98604,,
2024-03-01 07:30:00,79.65,98604,,
2024-03-01 08:00:00,79.76,98604,,
2024-03-01 08:30:00,79.72,98604,,
2024-03-01 09:00:00,79.58,98604,,
2024-03-01 09:30:00,79.73,98604,,
2024-03-01 10:00:00,80.04,98604,,
2024-03-01 10:30:00,80.38,98604,,
2024-03-01 11:00:00,80.75,98604,,
2024-03-01 11:30:00,80.78,98604,,
2024-03-01 12:00:00,80.06,98604,,
2024-03-01 12:30:00,80.21,98604,,
2024-03-01 13:00:00,80.11,98604,,
2024-03-01 13:30:00,80.08,98604,,
2024-03-01 14:00:00,79.95,98604,,
2024-03-01 14:30:00,79.92,98604,,
2024-03-01 15:00:00,79.9,98604,1,1046.07
2024-03-01 15:30:00,79.78,98478.5,1,1046.07
2024-03-01 16:00:00,79.79,98478.5,,
2024-03-01 16:30:00,79.81,98478.5,,
2024-03-03 18:00:00,80,98478.5,1,1074.98
2024-03-03 18:30:00,79.93,98403.2,1,1074.98
2024-03-03 19:00:00,80.08,98403.2,1,1060.84
2024-03-03 19:30:00,80.13,98456.3,,
2024-03-03 20:00:00,80.23,98562.4,,
2024-03-03 20:30:00,80.09,98413.8,,
2024-03-03 21:00:00,80.06,98382,1,1060.84
2024-03-04 00:00:00,79.84,98382,,
2024-03-04 00:30:00,79.86,98382,,
2024-03-04 01:00:00,79.88,98382,,
2024-03-04 01:30:00,79.9,98382,,
2024-03-04 02:00:00,80,98382,1,1297.88
2024-03-04 02:30:00,80.03,98421,,
2024-03-04 03:00:00,80.17,98602.7,,
2024-03-04 03:30:00,80.21,98654.6,,
2024-03-04 04:00:00,80.05,98446.9,,
2024-03-04 04:30:00,79.81,98135.4,1,1297.88
2024-03-04 05:00:00,79.9,98135.4,,
2024-03-04 05:30:00,79.72,98135.4,,
2024-03-04 06:00:00,79.63,98135.4,,
2024-03-04 06:30:00,79.45,98135.4,,
2024-03-04 07:00:00,79.4,98135.4,,
2024-03-04 07:30:00,79.64,98135.4,,
2024-03-04 08:00:00,79.64,98135.4,,
2024-03-04 08:30:00,80.07,98135.4,1,1351.18
2024-03-04 09:00:00,80.3,98446.2,,
2024-03-04 09:30:00,79.77,97730.1,1,1351.18
2024-03-04 10:00:00,79.5,97730.1,-1,1735
2024-03-04 10:30:00,79.25,98163.8,,
2024-03-04 11:00:00,79.37,97955.6,,
2024-03-04 11:30:00,79,98597.6,,
2024-03-04 12:00:00,78.81,98927.2,,
2024-03-04 12:30:00,78.75,99031.3,,
2024-03-04 13:00:00,78.7,99118.1,,
2024-03-04 13:30:00,78.73,99066,,
2024-03-04 14:00:00,78.72,99083.4,,
2024-03-04 14:30:00,78.86,98840.5,,
2024-03-04 15:00:00,78.8,98944.6,,
2024-03-04 15:30:00,78.75,99031.3,,
2024-03-04 16:00:00,78.73,99066,,
2024-03-04 16:30:00,78.76,99014,,
2024-03-04 18:00:00,78.84,98875.2,,
2024-03-04 18:30:00,78.69,99135.4,,
2024-03-04 19:00:00,78.62,99256.9,,
2024-03-04 19:30:00,78.55,99378.3,,
2024-03-04 20:00:00,78.58,99326.3,,
2024-03-04 20:30:00,78.65,99204.8,,
2024-03-04 21:00:00,78.53,99413,,
2024-03-04 21:30:00,78.47,99517.1,,
2024-03-04 22:00:00,78.49,99482.4,,
2024-03-04 22:30:00,78.45,99551.8,,
2024-03-04 23:00:00,78.39,99655.9,,
2024-03-04 23:30:00,78.42,99603.9,,
2024-03-05 00:00:00,78.49,99482.4,,
2024-03-05 00:30:00,78.4,99638.6,,
2024-03-05 01:00:00,78.3,99812.1,,
2024-03-05 01:30:00,78.31,99794.7,,
2024-03-05 02:00:00,78.33,99760,,
2024-03-05 02:30:00,78.31,99794.7,,
2024-03-05 03:00:00,78.35,99725.3,,
2024-03-05 03:30:00,78.66,99187.5,-1,1735
2024-03-05 04:00:00,78.66,99187.5,,
2024-03-05 04:30:00,78.56,99187.5,,
2024-03-05 05:00:00,78.74,99187.5,,
2024-03-05 05:30:00,78.72,99187.5,,
2024-03-05 06:00:00,78.56,99187.5,,
2024-03-05 06:30:00,78.48,99187.5,-1,1491.81
2024-03-05 07:00:00,78.07,99799.1,,
2024-03-05 07:30:00,77.98,99933.4,,
2024-03-05 08:00:00,77.65,100426,,
2024-03-05 08:30:00,78.12,99724.5,,
2024-03-05 09:00:00,78.34,99396.3,-1,1491.81
2024-03-05 09:30:00,78.61,99396.3,,
2024-03-05 10:00:00,77.87,99396.3,-1,926.313
2024-03-05 10:30:00,79.32,98053.2,-1,926.313
2024-03-05 11:00:00,78.93,98053.2,,
2024-03-05 11:30:00,78.38,98053.2,-1,843.242
2024-03-05 12:00:00,78.13,98264,,
2024-03-05 12:30:00,78.26,98154.4,,
2024-03-05 13:00:00,78.13,98264,,
2024-03-05 13:30:00,77.87,98483.2,,
2024-03-05 14:00:00,78.16,98238.7,,
2024-03-05 14:30:00,78.14,98255.5,,
2024-03-05 15:00:00,78.15,98247.1,,
2024-03-05 15:30:00,78.2,98205,,
2024-03-05 16:00:00,78.12,98272.4,,
2024-03-05 16:30:00,78.14,98255.5,,
2024-03-05 18:00:00,78.19,98213.4,-1,843.242
2024-03-05 18:30:00,78.24,98213.4,,
2024-03-05 19:00:00,78.17,98213.4,-1,1390.49
2024-03-05 19:30:00,78.15,98241.2,,
2024-03-05 20:00:00,78.11,98296.8,,
2024-03-05 20:30:00,78.03,98408.1,,
2024-03-05 21:00:00,78.08,98338.5,-1,1390.49
2024-03-05 21:30:00,78.25,98338.5,-1,1498.15
2024-03-05 22:00:00,78.26,98323.5,-1,1498.15
2024-03-05 22:30:00,78.29,98323.5,,
2024-03-05 23:00:00,78.31,98323.5,,
2024-03-05 23:30:00,78.34,98323.5,,
2024-03-06 00:00:00,78.36,98323.5,,
2024-03-06 00:30:00,78.4,98323.5,,
2024-03-06 01:00:00,78.44,98323.5,,
2024-03-06 01:30:00,78.43,98323.5,,
2024-03-06 02:00:00,78.54,98323.5,,
2024-03-06 02:30:00,78.49,98323.5,1,1662.22
2024-03-06 03:00:00,78.65,98589.5,,
2024-03-06 03:30:00,78.75,98755.7,,
2024-03-06 04:00:00,78.84,98905.3,,
2024-03-06 04:30:00,78.99,99154.7,,
2024-03-06 05:00:00,78.95,99088.2,,
2024-03-06 05:30:00,78.84,98905.3,,
2024-03-06 06:00:00,78.9,99005.1,,
2024-03-06 06:30:00,78.94,99071.5,,
2024-03-06 07:00:00,78.79,98822.2,,
2024-03-06 07:30:00,78.84,98905.3,,
2024-03-06 08:00:00,79.08,99304.3,,
2024-03-06 08:30:00,79.24,99570.2,,
2024-03-06 09:00:00,79.53,100052,,
2024-03-06 09:30:00,79.74,100401,1,1662.22
2024-03-06 10:00:00,79.75,100401,,
2024-03-06 10:30:00,80.28,100401,,
2024-03-06 11:00:00,80.56,100401,,
2024-03-06 11:30:00,79.95,100401,,
2024-03-06 12:00:00,79.95,100401,,
2024-03-06 12:30:00,79.96,100401,,
2024-03-06 13:00:00,79.63,100401,1,1167.07
2024-03-06 13:30:00,79.41,100145,1,1167.07
2024-03-06 14:00:00,79.14,100145,,
2024-03-06 14:30:00,78.94,100145,,
2024-03-06 15:00:00,78.98,100145,,
2024-03-06 15:30:00,79.1,100145,,
2024-03-06 16:00:00,79.13,100145,,
2024-03-06 16:30:00,79.12,100145,,
2024-03-06 18:00:00,79.06,100145,,
2024-03-06 18:30:00,79.07,100145,,
2024-03-06 19:00:00,79.04,100145,,
2024-03-06 19:30:00,79.2,100145,,
2024-03-06 20:00:00,79.33,100145,,
2024-03-06 20:30:00,79.17,100145,,
2024-03-06 21:00:00,79.02,100145,,
2024-03-06 21:30:00,79.15,100145,,
2024-03-06 22:00:00,79.03,100145,,
2024-03-06 22:30:00,79.1,100145,,
2024-03-06 23:00:00,79.1,100145,,
2024-03-06 23:30:00,79.09,100145,,
2024-03-07 00:00:00,79.06,100145,,
2024-03-07 00:30:00,79.07,100145,,
2024-03-07 01:00:00,79.15,100145,1,1583.01
2024-03-07 01:30:00,79.16,100160,,
2024-03-07 02:00:00,79.09,100050,1,1583.01
2024-03-07 02:30:00,79.05,100050,,
2024-03-07 03:00:00,79.02,100050,,
2024-03-07 03:30:00,78.71,100050,-1,1684.52
2024-03-07 04:00:00,79.03,99510.5,,
2024-03-07 04:30:00,78.52,100370,,
2024-03-07 05:00:00,78.61,100218,,
2024-03-07 05:30:00,78.62,100201,,
2024-03-07 06:00:00,78.48,100437,,
2024-03-07 06:30:00,78.52,100370,,
2024-03-07 07:00:00,78.67,100117,,
2024-03-07 07:30:00,78.73,100016,,
2024-03-07 08:00:00,78.82,99864.3,,
2024-03-07 08:30:00,78.91,99712.7,-1,1684.52
2024-03-07 09:00:00,78.2,99712.7,-1,1229.56
2024-03-07 09:30:00,78.32,99565.1,,
2024-03-07 10:00:00,78.1,99835.6,,
2024-03-07 10:30:00,78.48,99368.4,,
2024-03-07 11:00:00,78.78,98999.5,-1,1229.56
2024-03-07 11:30:00,78.86,98999.5,,
2024-03-07 12:00:00,79.28,98999.5,,
2024-03-07 12:30:00,79.26,98999.5,,
2024-03-07 13:00:00,79.07,98999.5,,
2024-03-07 13:30:00,79.06,98999.5,,
2024-03-07 14:00:00,78.87,98999.5,,
2024-03-07 14:30:00,78.91,98999.5,,
2024-03-07 15:00:00,78.88,98999.5,,
2024-03-07 15:30:00,78.91,98999.5,,
2024-03-07 16:00:00,79.05,98999.5,,
2024-03-07 16:30:00,79.46,98999.5,,
2024-03-07 18:00:00,79.14,98999.5,1,1495.8
2024-03-07 18:30:00,79.21,99104.2,,
2024-03-07 19:00:00,79.27,99194,,
2024-03-07 19:30:00,79.3,99238.9,1,1495.8
2024-03-07 20:00:00,79.39,99238.9,1,1302.17
2024-03-07 20:30:00,79.37,99212.8,,
2024-03-07 21:00:00,79.33,99160.7,,
2024-03-07 21:30:00,79.32,99147.7,,
2024-03-07 22:00:00,79.37,99212.8,,
2024-03-07 22:30:00,79.41,99264.9,,
2024-03-07 23:00:00,79.5,99382.1,,
2024-03-07 23:30:00,79.48,99356.1,,
2024-03-08 00:00:00,79.49,99369.1,,
2024-03-08 00:30:00,79.56,99460.2,,
2024-03-08 01:00:00,79.57,99473.3,,
2024-03-08 01:30:00,79.62,99538.4,,
2024-03-08 02:00:00,79.57,99473.3,,
2024-03-08 02:30:00,79.47,99343,,
2024-03-08 03:00:00,79.77,99733.7,,
2024-03-08 03:30:00,79.89,99889.9,,
2024-03-08 04:00:00,79.9,99903,,
2024-03-08 04:30:00,79.21,99004.5,1,1302.17
2024-03-08 05:00:00,79.05,99004.5,,
2024-03-08 05:30:00,78.53,99004.5,,
2024-03-08 06:00:00,78.61,99004.5,,
2024-03-08 06:30:00,78.35,99004.5,,
2024-03-08 07:00:00,78.42,99004.5,,
2024-03-08 07:30:00,78.42,99004.5,,
2024-03-08 08:00:00,78.45,99004.5,,
2024-03-08 08:30:00,78.5,99004.5,-1,1179.33
2024-03-08 09:00:00,78.7,98768.6,,
2024-03-08 09:30:00,78.42,99098.8,,
2024-03-08 10:00:00,78.3,99240.3,,
2024-03-08 10:30:00,78.53,98969.1,,
2024-03-08 11:00:00,77.98,99617.7,-1,1179.33
2024-03-08 11:30:00,78.21,99617.7,,
2024-03-08 12:00:00,78.04,99617.7,,
2024-03-08 12:30:00,78.02,99617.7,,
2024-03-08 13:00:00,77.96,99617.7,,
2024-03-08 13:30:00,77.79,99617.7,,
2024-03-08 14:00:00,78.02,99617.7,,
2024-03-08 14:30:00,77.93,99617.7,,
2024-03-08 15:00:00,77.9,99617.7,,
2024-03-08 15:30:00,77.94,99617.7,,
2024-03-08 16:00:00,77.85,99617.7,,
2024-03-08 16:30:00,77.85,99617.7,,
2024-03-10 18:00:00,77.88,99617.7,,
2024-03-10 18:30:00,77.79,99617.7,,
2024-03-10 19:00:00,77.72,99617.7,,
2024-03-10 19:30:00,77.81,99617.7,,
2024-03-10 20:00:00,77.76,99617.7,,
2024-03-10 20:30:00,77.62,99617.7,,
2024-03-10 21:00:00,77.49,99617.7,,
2024-03-10 21:30:00,77.4,99617.7,,
2024-03-10 22:00:00,77.36,99617.7,,
2024-03-10 22:30:00,77.33,99617.7,,
2024-03-10 23:00:00,77.49,99617.7,,
2024-03-10 23:30:00,77.45,99617.7,,
