Timestamp,GCUSD,KEUSX,CLUSD,CTUSX,SBUSX,NGUSD,ALIUSD,ZSUSX
2024-02-13 22:00:00,100000.0,100000.0,100000.0,100000.0,100000.0,100000.0,100000.0,100000.0
2024-02-13 22:30:00,100000.0,100000.0,100000.0,100000.0,100000.0,100000.0,100000.0,100000.0
2024-02-13 23:00:00,99970.3,100000.0,100000.0,100000.0,100000.0,100000.0,100000.0,100000.0
2024-02-13 23:30:00,99970.3,100000.0,100013.0,100000.0,100000.0,100000.0,100000.0,100000.0
2024-02-14 00:00:00,99881.4,100000.0,100000.0,100000.0,100000.0,100000.0,100000.0,100000.0
2024-02-14 00:30:00,99881.4,100000.0,99949.9,100000.0,100000.0,100000.0,100000.0,100000.0
2024-02-14 01:00:00,99881.4,100000.0,99937.3,100000.0,100000.0,100000.0,100000.0,100000.0
2024-02-14 01:30:00,99838.9,100000.0,99837.0,100000.0,100000.0,99987.2,100000.0,100000.0
2024-02-14 02:00:00,99838.9,100000.0,99837.0,100000.0,100000.0,99987.2,100000.0,100000.0
2024-02-14 02:30:00,100986.0,100000.0,99800.1,100000.0,100000.0,99987.2,100000.0,100000.0
2024-02-14 03:00:00,101964.0,100000.0,99923.1,100000.0,100000.0,99987.2,100000.0,100000.0
2024-02-14 03:30:00,101454.0,100000.0,99603.4,100000.0,100000.0,99987.2,100000.0,100000.0
2024-02-14 04:00:00,100816.0,100000.0,99603.4,100000.0,100000.0,99987.2,100000.0,100000.0
2024-02-14 04:30:00,100221.0,100000.0,99603.4,100000.0,100000.0,99987.2,100000.0,100000.0
2024-02-14 05:00:00,100221.0,100000.0,99802.1,100000.0,100000.0,99987.2,100000.0,100000.0
2024-02-14 05:30:00,99584.7,100000.0,99887.3,100000.0,100000.0,99987.2,100000.0,100000.0
2024-02-14 06:00:00,99584.7,100000.0,99674.4,100000.0,100000.0,99987.2,100000.0,100000.0
2024-02-14 06:30:00,99584.7,100000.0,99617.6,100000.0,100000.0,99987.2,100000.0,100000.0
2024-02-14 07:00:00,99584.7,100000.0,99873.1,100000.0,100000.0,99974.0,100000.0,100000.0
2024-02-14 07:30:00,99660.0,100000.0,99759.5,100000.0,100000.0,99974.0,100000.0,100000.0
2024-02-14 08:00:00,99559.6,100000.0,100058.0,100000.0,100000.0,99960.8,100000.0,100000.0
2024-02-14 08:30:00,99911.0,100000.0,100086.0,100000.0,100000.0,99987.3,100000.0,100000.0
2024-02-14 09:00:00,99785.5,100000.0,100185.0,100000.0,100000.0,99987.3,100000.0,100000.0
2024-02-14 09:30:00,100413.0,100000.0,100626.0,100000.0,100000.0,100001.0,100000.0,100000.0
2024-02-14 10:00:00,100363.0,100000.0,100072.0,100000.0,100000.0,100001.0,100000.0,100000.0
2024-02-14 10:30:00,100237.0,100000.0,99617.6,100000.0,100000.0,100014.0,100000.0,100000.0
2024-02-14 11:00:00,99383.9,100000.0,99617.6,100000.0,100000.0,100027.0,100000.0,100000.0
2024-02-14 11:30:00,99383.9,100000.0,99617.6,100000.0,100000.0,100040.0,100000.0,100000.0
2024-02-14 12:00:00,99383.9,100000.0,99617.6,100000.0,100000.0,100027.0,100000.0,100000.0
2024-02-14 12:30:00,99383.9,100000.0,99617.6,100000.0,100000.0,100040.0,100000.0,100000.0
2024-02-14 13:00:00,99383.9,100211.0,99629.2,100000.0,100000.0,100027.0,100000.0,100000.0
2024-02-14 13:30:00,99383.9,99473.3,99431.8,100000.0,100000.0,100027.0,100000.0,100000.0
2024-02-14 14:00:00,99383.9,99473.3,99907.8,100000.0,100000.0,100040.0,100000.0,100000.0
2024-02-14 14:30:00,99157.5,99473.3,100047.0,100000.0,100000.0,100040.0,100000.0,100000.0
2024-02-14 15:00:00,99157.5,99473.3,100047.0,100000.0,100000.0,100040.0,100000.0,100000.0
2024-02-14 15:30:00,98910.6,99473.3,100047.0,100000.0,100000.0,100054.0,100000.0,100000.0
2024-02-14 16:00:00,98910.6,99473.3,100047.0,100000.0,100000.0,100040.0,100000.0,100000.0
2024-02-14 16:30:00,98413.1,99473.3,100047.0,100000.0,100000.0,100040.0,100000.0,100000.0
2024-02-14 18:00:00,98413.1,99473.3,100047.0,100000.0,100000.0,100040.0,100000.0,100000.0
2024-02-14 18:30:00,98413.1,99473.3,100047.0,100000.0,100000.0,100040.0,100000.0,100000.0
2024-02-14 19:00:00,98413.1,99473.3,100047.0,100000.0,100000.0,100027.0,100000.0,100000.0
2024-02-14 19:30:00,98413.1,99473.3,100047.0,100000.0,100000.0,100027.0,100000.0,100000.0
2024-02-14 20:00:00,97955.0,99473.3,100047.0,100000.0,100000.0,100027.0,100000.0,100000.0
2024-02-14 20:30:00,97955.0,99473.3,100047.0,100000.0,100000.0,100027.0,100000.0,100000.0
2024-02-14 21:00:00,97955.0,99473.3,100047.0,100000.0,100000.0,100015.0,100000.0,100000.0
2024-02-14 21:30:00,97955.0,99473.3,100047.0,100000.0,100000.0,100015.0,100000.0,100000.0
2024-02-14 22:00:00,97231.5,99473.3,100047.0,100000.0,100000.0,100015.0,100000.0,100000.0
2024-02-14 22:30:00,97231.5,99473.3,100047.0,100000.0,100000.0,100015.0,100000.0,100000.0
2024-02-14 23:00:00,97231.5,99473.3,100047.0,100000.0,100000.0,100015.0,100000.0,100000.0
2024-02-14 23:30:00,97231.5,99473.3,100047.0,100000.0,100000.0,100002.0,100000.0,100000.0
2024-02-15 00:00:00,97231.5,99473.3,100047.0,100000.0,100000.0,100002.0,100000.0,100000.0
2024-02-15 00:30:00,97231.5,99796.9,100089.0,100000.0,100000.0,100002.0,100000.0,100000.0
2024-02-15 01:00:00,97110.0,99796.9,100047.0,100000.0,100000.0,100002.0,100000.0,100000.0
2024-02-15 01:30:00,96320.9,99473.3,99973.9,100000.0,100000.0,100002.0,100000.0,100000.0
2024-02-15 02:00:00,96320.9,98987.9,99973.9,100000.0,100000.0,100002.0,100000.0,100000.0
2024-02-15 02:30:00,96320.9,98987.9,99973.9,100000.0,100000.0,100002.0,100000.0,100000.0
2024-02-15 03:00:00,97224.4,98731.4,99973.9,100000.0,100000.0,100002.0,100000.0,100000.0
2024-02-15 03:30:00,97118.1,98731.4,99973.9,100000.0,100000.0,100002.0,100000.0,100488.0
2024-02-15 04:00:00,97011.9,98731.4,99973.9,100000.0,100000.0,100002.0,100000.0,100000.0
2024-02-15 04:30:00,97755.9,99013.4,99973.9,100172.0,100000.0,100002.0,100000.0,100122.0
2024-02-15 05:00:00,97862.2,98852.3,99950.9,100397.0,100000.0,100002.0,100000.0,100000.0
2024-02-15 05:30:00,97383.9,98771.7,100136.0,99796.1,100000.0,100002.0,100000.0,99755.8
2024-02-15 06:00:00,97596.5,99537.1,100424.0,99796.1,100000.0,100002.0,100000.0,99755.8
2024-02-15 06:30:00,98340.6,99859.4,100089.0,99796.1,100000.0,100002.0,100000.0,99755.8
2024-02-15 07:00:00,98446.9,99053.7,100124.0,99796.1,100000.0,100002.0,100000.0,99755.8
2024-02-15 07:30:00,98606.3,99255.1,99823.9,99796.1,100000.0,100002.0,100000.0,98310.6
2024-02-15 08:00:00,99084.7,99537.1,99823.9,99796.1,100000.0,100002.0,100000.0,98310.6
2024-02-15 08:30:00,101689.0,100504.0,99823.9,99796.1,100000.0,100002.0,100000.0,98254.9
2024-02-15 09:00:00,101742.0,100504.0,99823.9,99796.1,100000.0,100002.0,100000.0,98254.9
2024-02-15 09:30:00,101742.0,100504.0,99823.9,100084.0,100000.0,100002.0,100000.0,97030.7
2024-02-15 10:00:00,103230.0,100504.0,99823.9,100084.0,100000.0,100017.0,100000.0,97030.7
2024-02-15 10:30:00,100041.0,100504.0,99823.9,100057.0,100000.0,100017.0,100000.0,97030.7
2024-02-15 11:00:00,99297.3,100504.0,99823.9,99626.3,100000.0,100017.0,100000.0,97862.5
2024-02-15 11:30:00,99722.5,100504.0,99823.9,99626.3,100000.0,100017.0,100000.0,97571.4
2024-02-15 12:00:00,100679.0,100504.0,99823.9,99626.3,100000.0,100017.0,100000.0,98278.4
2024-02-15 12:30:00,101583.0,100504.0,99823.9,99430.2,100000.0,100017.0,100000.0,98236.8
2024-02-15 13:00:00,101583.0,100504.0,99755.7,99600.1,100000.0,100017.0,100000.0,97654.5
2024-02-15 13:30:00,101583.0,100504.0,99733.0,99678.6,100000.0,100029.0,100000.0,97862.5
2024-02-15 14:00:00,101583.0,100504.0,99710.3,99874.6,100000.0,100041.0,100000.0,98153.6
2024-02-15 14:30:00,101583.0,100504.0,100017.0,99874.6,100000.0,100029.0,100000.0,98153.6
2024-02-15 15:00:00,101583.0,100504.0,99994.3,99874.6,100000.0,100029.0,100000.0,98153.6
2024-02-15 15:30:00,101583.0,100504.0,99858.0,99874.6,100000.0,100029.0,100000.0,98153.6
2024-02-15 16:00:00,101583.0,100504.0,99880.7,99874.6,100000.0,100029.0,100000.0,98153.6
2024-02-15 16:30:00,101583.0,100504.0,99755.7,99874.6,100000.0,100029.0,100000.0,98153.6
2024-02-15 18:00:00,101583.0,100504.0,99812.5,99874.6,100000.0,100029.0,100000.0,98153.6
2024-02-15 18:30:00,101583.0,100504.0,99835.2,99874.6,100000.0,100041.0,100000.0,98153.6
2024-02-15 19:00:00,101583.0,100504.0,99755.7,99874.6,100000.0,100029.0,100000.0,98153.6
2024-02-15 19:30:00,101583.0,100504.0,99755.7,99874.6,100000.0,100029.0,100000.0,98153.6
2024-02-15 20:00:00,101583.0,100504.0,99744.4,99874.6,100000.0,100029.0,100000.0,97779.3
2024-02-15 20:30:00,102385.0,100504.0,99744.4,99874.6,100000.0,100017.0,100000.0,97571.4
2024-02-15 21:00:00,102207.0,100504.0,99733.0,99900.8,100000.0,100017.0,100000.0,97737.7
2024-02-15 21:30:00,101939.0,100504.0,99733.0,99796.2,100000.0,100017.0,100000.0,97737.7
2024-02-15 22:00:00,101850.0,100504.0,99584.6,100123.0,100000.0,100017.0,100000.0,97696.1
2024-02-15 22:30:00,101806.0,100504.0,99584.6,99626.3,100000.0,100017.0,100000.0,97654.5
2024-02-15 23:00:00,101583.0,100504.0,99584.6,99469.4,100000.0,100017.0,100000.0,97529.8
2024-02-15 23:30:00,101583.0,100504.0,99584.6,99469.4,100000.0,100017.0,100000.0,97529.8
2024-02-16 00:00:00,101583.0,100504.0,99584.6,100111.0,100000.0,100017.0,100000.0,97529.8
2024-02-16 00:30:00,101583.0,100504.0,99584.6,99761.2,100000.0,100017.0,100000.0,97529.8
2024-02-16 01:00:00,100800.0,100504.0,99513.6,99527.8,100000.0,100017.0,100000.0,97694.9
2024-02-16 01:30:00,100800.0,100504.0,99513.6,99527.8,100000.0,100017.0,100000.0,97694.9
2024-02-16 02:00:00,100800.0,100504.0,99513.6,99527.8,100000.0,100017.0,100000.0,97860.1
2024-02-16 02:30:00,100895.0,100504.0,99513.6,99527.8,100000.0,100030.0,99758.0,97860.1
2024-02-16 03:00:00,100800.0,100504.0,99513.6,99814.7,100000.0,100017.0,98494.0,97860.1
2024-02-16 03:30:00,100800.0,100504.0,99513.6,99585.2,100000.0,100030.0,98494.0,97860.1
2024-02-16 04:00:00,101320.0,100504.0,99513.6,99499.1,100000.0,100030.0,98494.0,97860.1
2024-02-16 04:30:00,100848.0,100504.0,99513.6,99441.7,100000.0,100030.0,98776.1,97860.1
2024-02-16 05:00:00,101131.0,100504.0,99513.6,99441.7,100000.0,100017.0,98368.6,97860.1
2024-02-16 05:30:00,101793.0,100504.0,99513.6,99384.5,100000.0,100017.0,98368.6,97860.1
2024-02-16 06:00:00,101745.0,100504.0,99513.6,99413.1,100000.0,100017.0,98368.6,97502.3
2024-02-16 06:30:00,101934.0,100504.0,99513.6,99470.3,100000.0,100005.0,99801.3,96786.6
2024-02-16 07:00:00,102029.0,100504.0,99513.6,99570.4,100000.0,100005.0,100115.0,96786.6
2024-02-16 07:30:00,101698.0,100504.0,99513.6,99570.4,100000.0,100005.0,100115.0,96786.6
2024-02-16 08:00:00,101556.0,100504.0,99513.6,99570.4,100000.0,100005.0,99622.2,96939.3
2024-02-16 08:30:00,99146.7,100504.0,100387.0,99570.4,100000.0,99976.9,99890.9,97244.5
2024-02-16 09:00:00,99146.7,100504.0,100403.0,99302.8,100000.0,99976.9,99890.9,97244.5
2024-02-16 09:30:00,99146.7,100504.0,99772.4,98567.2,100000.0,99976.9,99890.9,96710.3
2024-02-16 10:00:00,99146.7,100504.0,99659.2,98567.2,100000.0,99976.9,99926.9,95336.9
2024-02-16 10:30:00,99329.5,100504.0,100031.0,98567.2,100000.0,99976.9,99926.9,95336.9
2024-02-16 11:00:00,99414.8,101234.0,100339.0,98567.2,100000.0,99976.9,100313.0,95336.9
2024-02-16 11:30:00,99500.1,100991.0,100824.0,98186.9,100000.0,99976.9,100453.0,95336.9
2024-02-16 12:00:00,99646.3,100747.0,101261.0,98186.9,100000.0,99976.9,100453.0,95336.9
2024-02-16 12:30:00,100012.0,100991.0,100840.0,99438.1,100000.0,99959.4,100629.0,95336.9
2024-02-16 13:00:00,100012.0,101575.0,100969.0,99438.1,100000.0,99959.4,100629.0,94699.5
2024-02-16 13:30:00,100012.0,101088.0,101325.0,99353.7,100000.0,99959.4,100629.0,95336.9
2024-02-16 14:00:00,100012.0,100893.0,101616.0,99160.9,100000.0,99959.4,100734.0,96257.4
2024-02-16 14:30:00,100012.0,100893.0,101616.0,99160.9,100000.0,99959.4,100734.0,96257.4
2024-02-16 15:00:00,100012.0,100893.0,101616.0,99160.9,100000.0,99977.1,100734.0,96257.4
2024-02-16 15:30:00,100012.0,100893.0,101487.0,99160.9,100000.0,99959.4,100734.0,96257.4
2024-02-16 16:00:00,100246.0,100893.0,101730.0,99160.9,100000.0,99959.4,100629.0,96257.4
2024-02-16 16:30:00,100310.0,100893.0,101649.0,99160.9,100000.0,99941.8,100629.0,96257.4
2024-02-18 18:00:00,100374.0,100893.0,101374.0,99160.9,100000.0,99941.8,100629.0,96257.4
2024-02-18 18:30:00,100417.0,100893.0,101341.0,99160.9,100000.0,99941.8,100629.0,96257.4
2024-02-18 19:00:00,101121.0,100893.0,101439.0,99160.9,100000.0,99941.8,100629.0,96257.4
2024-02-18 19:30:00,101462.0,100893.0,101244.0,99160.9,100000.0,99941.8,100629.0,96257.4
2024-02-18 20:00:00,101462.0,100893.0,101034.0,99160.9,100000.0,99941.8,99190.0,96257.4
2024-02-18 20:30:00,101462.0,100893.0,101034.0,99160.9,100000.0,99941.8,99190.0,96257.4
2024-02-18 21:00:00,101462.0,100893.0,101034.0,99160.9,100000.0,99941.8,99190.0,96257.4
2024-02-18 21:30:00,101462.0,100893.0,101034.0,99160.9,100000.0,99941.8,99694.4,96257.4
2024-02-18 22:00:00,101462.0,100893.0,101034.0,99160.9,100000.0,99941.8,100474.0,96257.4
2024-02-18 22:30:00,101462.0,100893.0,101034.0,99160.9,100000.0,99941.8,100474.0,96257.4
2024-02-18 23:00:00,101462.0,100893.0,101034.0,99160.9,100000.0,99941.8,100474.0,96257.4
2024-02-18 23:30:00,101462.0,100893.0,101034.0,99160.9,100000.0,99941.8,100474.0,96257.4
2024-02-19 00:00:00,101462.0,100893.0,101034.0,99160.9,100000.0,99941.8,100474.0,96257.4
2024-02-19 00:30:00,101462.0,100893.0,101034.0,99160.9,100000.0,99941.8,100611.0,96257.4
2024-02-19 01:00:00,101462.0,100893.0,101034.0,99160.9,100000.0,99941.8,100611.0,96257.4
2024-02-19 01:30:00,101462.0,100893.0,101034.0,99160.9,100000.0,99941.8,100611.0,96257.4
2024-02-19 02:00:00,101462.0,100893.0,101034.0,99160.9,100000.0,99929.8,100611.0,96257.4
2024-02-19 02:30:00,101462.0,100893.0,101034.0,99160.9,100000.0,99929.8,101391.0,96257.4
2024-02-19 03:00:00,101462.0,100893.0,101034.0,99160.9,100000.0,99942.6,101437.0,96257.4
2024-02-19 03:30:00,101433.0,100893.0,101034.0,99160.9,100000.0,99929.8,101941.0,96257.4
2024-02-19 04:00:00,101258.0,100893.0,101034.0,99160.9,100000.0,99929.8,102216.0,96257.4
2024-02-19 04:30:00,101433.0,100893.0,101034.0,99160.9,100000.0,99918.8,102583.0,96257.4
2024-02-19 05:00:00,101375.0,100893.0,100979.0,99160.9,100000.0,99918.8,102583.0,96257.4
2024-02-19 05:30:00,101375.0,100893.0,100979.0,99160.9,100000.0,99918.8,102583.0,96257.4
2024-02-19 06:00:00,101375.0,100893.0,100773.0,99160.9,100000.0,99918.8,102079.0,96257.4
2024-02-19 06:30:00,101375.0,100893.0,100773.0,99160.9,100000.0,99918.8,101253.0,96257.4
2024-02-19 07:00:00,101375.0,100893.0,100918.0,99160.9,100000.0,99918.8,100474.0,96257.4
2024-02-19 07:30:00,101375.0,100893.0,101037.0,99160.9,100000.0,99907.7,100474.0,96257.4
2024-02-19 08:00:00,101375.0,100893.0,101117.0,99160.9,100000.0,99907.7,101047.0,96257.4
2024-02-19 08:30:00,101375.0,100893.0,101037.0,99160.9,100000.0,99884.5,102195.0,96257.4
2024-02-19 09:00:00,101375.0,100893.0,101183.0,99160.9,100000.0,99884.5,101940.0,96257.4
2024-02-19 09:30:00,101375.0,100893.0,101394.0,99160.9,100000.0,99884.5,103087.0,96257.4
2024-02-19 10:00:00,101375.0,100893.0,101527.0,99160.9,100000.0,99884.5,104553.0,96257.4
2024-02-19 10:30:00,101375.0,100893.0,101659.0,99160.9,100000.0,99884.5,104744.0,96257.4
2024-02-19 11:00:00,101375.0,100893.0,101593.0,99160.9,100000.0,99873.2,104426.0,96257.4
2024-02-19 11:30:00,101375.0,100893.0,101447.0,99160.9,100000.0,99884.5,104426.0,96257.4
2024-02-19 12:00:00,101375.0,100893.0,101289.0,99160.9,100000.0,99873.2,103597.0,96257.4
2024-02-19 12:30:00,101375.0,100893.0,101527.0,99160.9,100000.0,99873.2,103597.0,96257.4
2024-02-19 13:00:00,101375.0,100893.0,101527.0,99160.9,100000.0,99873.2,103597.0,96257.4
2024-02-19 13:30:00,101375.0,100893.0,101249.0,99160.9,100000.0,99862.0,103597.0,96257.4
2024-02-19 14:00:00,101516.0,100893.0,101103.0,99160.9,100000.0,99862.0,103597.0,96257.4
2024-02-19 18:00:00,100997.0,100893.0,101103.0,99160.9,100000.0,99862.0,103597.0,96257.4
2024-02-19 18:30:00,100997.0,100893.0,101103.0,99160.9,100000.0,99862.0,103597.0,96257.4
2024-02-19 19:00:00,101248.0,100893.0,101103.0,99160.9,100000.0,99862.0,103597.0,96257.4
2024-02-19 19:30:00,101098.0,100893.0,101103.0,99160.9,100000.0,99862.0,103597.0,96257.4
2024-02-19 20:00:00,99943.5,100601.0,101103.0,99160.9,100000.0,99846.3,104681.0,98240.2
2024-02-19 20:30:00,99943.5,100601.0,101103.0,99160.9,100000.0,99846.3,105063.0,98311.0
2024-02-19 21:00:00,99465.9,100601.0,101103.0,102040.0,100000.0,99846.3,105063.0,98240.2
2024-02-19 21:30:00,99465.9,100601.0,101159.0,102498.0,100000.0,99846.3,105446.0,98240.2
2024-02-19 22:00:00,99465.9,100601.0,101159.0,102498.0,100000.0,99846.3,105446.0,99514.8
2024-02-19 22:30:00,99465.9,100601.0,101159.0,102469.0,100000.0,99846.3,104872.0,99514.8
2024-02-19 23:00:00,99465.9,100601.0,101148.0,102486.0,100000.0,99846.3,105191.0,99514.8
2024-02-19 23:30:00,99465.9,100601.0,101148.0,102510.0,100000.0,99846.3,105446.0,99514.8
2024-02-20 00:00:00,99465.9,100601.0,101148.0,102629.0,100000.0,99846.3,105446.0,99514.8
2024-02-20 00:30:00,99465.9,100601.0,101148.0,102759.0,100000.0,99846.3,106019.0,99514.8
2024-02-20 01:00:00,99465.9,100926.0,101148.0,102753.0,100000.0,99846.3,106019.0,99514.8
2024-02-20 01:30:00,99465.9,101577.0,101115.0,102966.0,100000.0,99846.3,106019.0,99514.8
2024-02-20 02:00:00,99465.9,102119.0,101081.0,102706.0,100000.0,99846.3,106019.0,99127.1
2024-02-20 02:30:00,99465.9,101577.0,101081.0,102350.0,100000.0,99862.3,106465.0,99320.9
2024-02-20 03:00:00,99826.4,101577.0,101238.0,102326.0,100000.0,99862.3,107230.0,99191.7
2024-02-20 03:30:00,100043.0,101685.0,100913.0,102457.0,100000.0,99862.3,107677.0,99579.4
2024-02-20 04:00:00,100403.0,101252.0,100913.0,102824.0,100000.0,99878.4,107549.0,99708.7
2024-02-20 04:30:00,100475.0,102227.0,100913.0,102800.0,100000.0,99878.4,107294.0,99062.5
2024-02-20 05:00:00,101413.0,102010.0,100913.0,102818.0,100000.0,99894.4,107294.0,99191.7
2024-02-20 05:30:00,101232.0,101468.0,100913.0,102688.0,100000.0,99894.4,107230.0,99579.4
2024-02-20 06:00:00,101160.0,100818.0,100913.0,102569.0,99975.5,99910.4,107230.0,99385.6
2024-02-20 06:30:00,101413.0,100818.0,100913.0,102575.0,99852.7,99910.4,108505.0,99385.6
2024-02-20 07:00:00,101593.0,100818.0,100913.0,102575.0,99828.2,99894.4,108505.0,99019.2
2024-02-20 07:30:00,101449.0,100818.0,100913.0,102575.0,99840.5,99878.4,108505.0,99019.2
2024-02-20 08:00:00,102133.0,100818.0,100913.0,102575.0,100012.0,99894.4,108505.0,99019.2
2024-02-20 08:30:00,102710.0,100818.0,100913.0,102206.0,100049.0,99894.4,107117.0,99118.6
2024-02-20 09:00:00,102710.0,100818.0,101801.0,102206.0,100086.0,99894.4,107117.0,99118.6
2024-02-20 09:30:00,102710.0,100818.0,101505.0,102475.0,100270.0,99878.4,107117.0,99367.3
2024-02-20 10:00:00,102710.0,101432.0,100446.0,102363.0,100270.0,99878.4,107430.0,97925.3
2024-02-20 10:30:00,102710.0,100613.0,100446.0,102453.0,100270.0,99892.9,107256.0,97925.3
2024-02-20 11:00:00,102744.0,100613.0,100446.0,102632.0,100270.0,99878.4,106141.0,97925.3
2024-02-20 11:30:00,102626.0,101227.0,100446.0,102509.0,100270.0,99863.8,106141.0,97925.3
2024-02-20 12:00:00,102542.0,102046.0,99926.1,102576.0,100375.0,99863.8,106141.0,97925.3
2024-02-20 12:30:00,102879.0,102251.0,99926.1,102689.0,100309.0,99863.8,106141.0,97925.3
2024-02-20 13:00:00,102879.0,102149.0,99926.1,102341.0,100309.0,99848.6,106141.0,97925.3
2024-02-20 13:30:00,102643.0,102149.0,99612.4,102408.0,100309.0,99848.6,106141.0,97925.3
2024-02-20 14:00:00,102676.0,102200.0,98303.4,102644.0,100309.0,99818.1,106141.0,97925.3
2024-02-20 14:30:00,102288.0,102200.0,98303.4,102644.0,100309.0,99818.1,106141.0,97925.3
2024-02-20 15:00:00,102288.0,102200.0,98303.4,102644.0,100309.0,99818.1,106141.0,97925.3
2024-02-20 15:30:00,102288.0,102200.0,98303.4,102644.0,100309.0,99802.2,106141.0,97925.3
2024-02-20 16:00:00,102288.0,102200.0,98303.4,102644.0,100309.0,99802.2,106141.0,97925.3
2024-02-20 16:30:00,102288.0,102200.0,98303.4,102644.0,100309.0,99802.2,106141.0,97925.3
2024-02-20 18:00:00,102288.0,102200.0,98303.4,102644.0,100309.0,99802.2,106141.0,97925.3
2024-02-20 18:30:00,102288.0,102200.0,98303.4,102644.0,100309.0,99802.2,106141.0,97925.3
2024-02-20 19:00:00,102288.0,102200.0,98303.4,102644.0,100309.0,99802.2,106141.0,97925.3
2024-02-20 19:30:00,102288.0,102200.0,98303.4,102644.0,100309.0,99802.2,106141.0,97925.3
2024-02-20 20:00:00,102288.0,101483.0,98303.4,102644.0,100309.0,99802.2,107206.0,97925.3
2024-02-20 20:30:00,102288.0,101534.0,98303.4,102644.0,100309.0,99802.2,108546.0,97925.3
2024-02-20 21:00:00,102288.0,101534.0,98303.4,102217.0,100309.0,99802.2,108120.0,97925.3
2024-02-20 21:30:00,102409.0,101842.0,98303.4,102217.0,100309.0,99802.2,108972.0,97925.3
2024-02-20 22:00:00,103173.0,101842.0,98303.4,102217.0,100309.0,99802.2,109246.0,97925.3
2024-02-20 22:30:00,103374.0,102200.0,98303.4,102217.0,100309.0,99802.2,109672.0,97925.3
2024-02-20 23:00:00,103534.0,102251.0,98303.4,102217.0,100309.0,99802.2,109672.0,97925.3
2024-02-20 23:30:00,103494.0,102097.0,98303.4,102217.0,100309.0,99802.2,109672.0,97925.3
2024-02-21 00:00:00,103253.0,102149.0,98303.4,102217.0,100309.0,99802.2,109672.0,97925.3
2024-02-21 00:30:00,103494.0,102200.0,98303.4,102217.0,100309.0,99802.2,109672.0,97925.3
2024-02-21 01:00:00,103293.0,102200.0,98303.4,102217.0,100309.0,99802.2,109653.0,97925.3
2024-02-21 01:30:00,103132.0,102251.0,98303.4,102217.0,100309.0,99802.2,109887.0,97797.3
2024-02-21 02:00:00,102650.0,102251.0,98303.4,101875.0,100309.0,99802.2,109711.0,98437.2
2024-02-21 02:30:00,102731.0,101842.0,98303.4,101793.0,100309.0,99802.2,109946.0,98181.2
2024-02-21 03:00:00,102248.0,101842.0,98303.4,101793.0,100309.0,99802.2,110864.0,99205.0
2024-02-21 03:30:00,102248.0,101842.0,98303.4,101793.0,100691.0,99802.2,110707.0,99460.9
2024-02-21 04:00:00,102248.0,101842.0,98303.4,101705.0,100691.0,99802.2,110688.0,99844.8
2024-02-21 04:30:00,102248.0,101842.0,98303.4,101705.0,100691.0,99802.2,110239.0,99588.9
2024-02-21 05:00:00,102409.0,101842.0,98303.4,101595.0,100691.0,99802.2,110004.0,99460.9
2024-02-21 05:30:00,103050.0,101842.0,98303.4,101595.0,100691.0,99813.0,109770.0,99716.8
2024-02-21 06:00:00,102088.0,101842.0,98303.4,101887.0,100747.0,99834.6,109770.0,99844.8
2024-02-21 06:30:00,102088.0,101842.0,98303.4,101995.0,100714.0,99834.6,109770.0,99716.8
2024-02-21 07:00:00,102088.0,101842.0,98303.4,101826.0,100725.0,99834.6,109770.0,100101.0
2024-02-21 07:30:00,102256.0,101842.0,98303.4,101411.0,100725.0,99845.4,109770.0,100996.0
2024-02-21 08:00:00,101836.0,101842.0,98303.4,101411.0,100781.0,99823.8,109770.0,100357.0
2024-02-21 08:30:00,101836.0,101842.0,98303.4,101411.0,100680.0,99877.8,109770.0,100101.0
2024-02-21 09:00:00,101836.0,101842.0,98303.4,101411.0,100680.0,99877.8,109770.0,100101.0
2024-02-21 09:30:00,101836.0,101842.0,98040.0,101411.0,100680.0,99877.8,109770.0,101508.0
2024-02-21 10:00:00,101836.0,101842.0,97987.4,101411.0,100680.0,99877.8,109770.0,102916.0
2024-02-21 10:30:00,100423.0,101842.0,97776.7,101411.0,100680.0,99900.7,109770.0,103300.0
2024-02-21 11:00:00,100423.0,101842.0,97776.7,101855.0,100680.0,99912.2,109770.0,102788.0
2024-02-21 11:30:00,100540.0,101842.0,97776.7,101769.0,100680.0,99912.2,109770.0,102916.0
2024-02-21 12:00:00,100918.0,101842.0,97776.7,102327.0,100680.0,99912.2,109770.0,103940.0
2024-02-21 12:30:00,100511.0,101842.0,97776.7,101726.0,100680.0,99912.2,109770.0,104068.0
2024-02-21 13:00:00,100802.0,101842.0,97776.7,102170.0,100680.0,99923.7,109770.0,103684.0
2024-02-21 13:30:00,101268.0,101842.0,97776.7,101769.0,100680.0,99923.7,109770.0,103940.0
2024-02-21 14:00:00,100278.0,101842.0,97776.7,100896.0,100680.0,99923.7,109770.0,105859.0
2024-02-21 14:30:00,100016.0,101842.0,97776.7,100896.0,100680.0,99912.2,109770.0,105859.0
2024-02-21 15:00:00,100220.0,101842.0,97776.7,100896.0,100680.0,99912.2,109770.0,105859.0
2024-02-21 15:30:00,100482.0,101842.0,97776.7,100896.0,100680.0,99923.7,109770.0,105859.0
2024-02-21 16:00:00,100540.0,101842.0,97776.7,100896.0,100680.0,99935.1,109770.0,105859.0
2024-02-21 16:30:00,100016.0,101842.0,97776.7,100896.0,100680.0,99935.1,109770.0,105859.0
2024-02-21 18:00:00,100016.0,101842.0,97776.7,100896.0,100680.0,99923.7,109770.0,105859.0
2024-02-21 18:30:00,100056.0,101842.0,97776.7,100896.0,100680.0,99912.2,109770.0,105859.0
2024-02-21 19:00:00,100136.0,101842.0,97776.7,100896.0,100680.0,99912.2,109770.0,105859.0
2024-02-21 19:30:00,99855.3,101842.0,97776.7,100896.0,100680.0,99912.2,109770.0,105859.0
2024-02-21 20:00:00,99494.5,101842.0,97776.7,100896.0,100680.0,99912.2,109770.0,104835.0
2024-02-21 20:30:00,99494.5,101774.0,97776.7,100896.0,100680.0,99912.2,109770.0,104835.0
2024-02-21 21:00:00,99494.5,101370.0,97776.7,100910.0,100680.0,99912.2,109770.0,105603.0
2024-02-21 21:30:00,99494.5,101370.0,97776.7,101225.0,100680.0,99912.2,109770.0,105859.0
2024-02-21 22:00:00,99494.5,101476.0,97776.7,101340.0,100680.0,99912.2,109846.0,105219.0
2024-02-21 22:30:00,99494.5,101903.0,97725.5,101182.0,100680.0,99912.2,109426.0,105347.0
2024-02-21 23:00:00,99494.5,101690.0,97725.5,101311.0,100680.0,99912.2,109426.0,105603.0
2024-02-21 23:30:00,99494.5,101903.0,97725.5,101340.0,100680.0,99898.9,109617.0,105347.0
2024-02-22 00:00:00,99494.5,101903.0,97725.5,101740.0,100680.0,99898.9,109617.0,105347.0
2024-02-22 00:30:00,99494.5,101583.0,97725.5,101540.0,100680.0,99885.4,109617.0,105219.0
2024-02-22 01:00:00,99494.5,100943.0,97760.7,101583.0,100680.0,99885.4,108931.0,104707.0
2024-02-22 01:30:00,99494.5,100943.0,97778.2,101969.0,100680.0,99885.4,108206.0,104068.0
2024-02-22 02:00:00,99494.5,100943.0,97831.0,101840.0,100680.0,99871.8,108206.0,104068.0
2024-02-22 02:30:00,99494.5,100943.0,97778.2,102041.0,100680.0,99871.8,108206.0,104068.0
2024-02-22 03:00:00,99494.5,100943.0,97918.8,102270.0,100680.0,99871.8,108206.0,104068.0
2024-02-22 03:30:00,99494.5,100943.0,97637.7,102213.0,100680.0,99871.8,108206.0,104068.0
2024-02-22 04:00:00,99494.5,100943.0,97637.7,101998.0,100680.0,99871.8,107911.0,104068.0
2024-02-22 04:30:00,99619.0,100943.0,97637.7,102356.0,100680.0,99871.8,107911.0,103594.0
2024-02-22 05:00:00,99818.2,100943.0,97871.5,102141.0,100556.0,99871.8,108148.0,103594.0
2024-02-22 05:30:00,99394.8,100943.0,97313.8,101769.0,100556.0,99871.8,108148.0,103359.0
2024-02-22 06:00:00,99394.8,100943.0,97313.8,101769.0,100513.0,99871.8,108148.0,102968.0
2024-02-22 06:30:00,99394.8,100943.0,97313.8,102246.0,100584.0,99871.8,108148.0,102968.0
2024-02-22 07:00:00,99394.8,100943.0,97313.8,103366.0,100654.0,99871.8,108662.0,102968.0
2024-02-22 07:30:00,99394.8,100943.0,97313.8,102954.0,100766.0,99871.8,107753.0,102968.0
2024-02-22 08:00:00,99394.8,100943.0,97313.8,102148.0,101202.0,99906.4,109927.0,102968.0
2024-02-22 08:30:00,99394.8,101074.0,97313.8,101917.0,101202.0,99906.4,111389.0,103345.0
2024-02-22 09:00:00,99394.8,101074.0,97313.8,101917.0,101202.0,99871.8,111982.0,103345.0
2024-02-22 09:30:00,99394.8,101402.0,97313.8,102110.0,101202.0,99889.1,111785.0,103453.0
2024-02-22 10:00:00,99394.8,100485.0,97482.2,102786.0,101202.0,99889.1,112575.0,103776.0
2024-02-22 10:30:00,99394.8,99372.2,97684.2,102179.0,101202.0,99958.4,111982.0,103938.0
2024-02-22 11:00:00,99394.8,99372.2,98088.1,102690.0,100795.0,99941.0,111666.0,104207.0
2024-02-22 11:30:00,99394.8,99372.2,98610.0,102621.0,100795.0,99958.4,112299.0,103992.0
2024-02-22 12:00:00,99394.8,99372.2,98559.5,102759.0,100795.0,99941.0,111745.0,104154.0
2024-02-22 12:30:00,99394.8,99372.2,98811.9,102386.0,100795.0,99941.0,111271.0,104207.0
2024-02-22 13:00:00,99394.8,99372.2,98778.3,102400.0,100795.0,99941.0,111310.0,104908.0
2024-02-22 13:30:00,99394.8,99596.9,98458.5,102303.0,100795.0,99906.4,111113.0,105232.0
2024-02-22 14:00:00,99394.8,99316.0,98340.6,102538.0,100795.0,99837.1,111113.0,105393.0
2024-02-22 14:30:00,99394.8,99316.0,98222.8,102538.0,100795.0,99837.1,111113.0,105393.0
2024-02-22 15:00:00,99410.9,99316.0,98206.0,102538.0,100795.0,99837.1,111113.0,105393.0
2024-02-22 15:30:00,99170.1,99316.0,98071.3,102538.0,100795.0,99837.1,111113.0,105393.0
2024-02-22 16:00:00,99170.1,99316.0,98105.0,102538.0,100795.0,99837.1,111113.0,105393.0
2024-02-22 16:30:00,99170.1,99316.0,97919.8,102538.0,100795.0,99837.1,111113.0,105393.0
2024-02-22 18:00:00,98797.7,99316.0,97802.0,102538.0,100795.0,99837.1,111113.0,105393.0
2024-02-22 18:30:00,98797.7,99316.0,97802.0,102538.0,100795.0,99837.1,111113.0,105393.0
2024-02-22 19:00:00,98797.7,99316.0,97802.0,102538.0,100795.0,99837.1,111113.0,105393.0
2024-02-22 19:30:00,98797.7,99316.0,97802.0,102538.0,100795.0,99855.0,111113.0,105393.0
2024-02-22 20:00:00,98797.7,99035.2,97802.0,102538.0,100795.0,99855.0,111073.0,104693.0
2024-02-22 20:30:00,98797.7,98922.9,97802.0,102538.0,100795.0,99872.9,109848.0,104423.0
2024-02-22 21:00:00,98797.7,99147.6,97678.7,102372.0,100795.0,99872.9,109848.0,104800.0
2024-02-22 21:30:00,98797.7,99259.9,97678.7,102359.0,100795.0,99872.9,109848.0,104854.0
2024-02-22 22:00:00,98403.8,99259.9,97678.7,102386.0,100795.0,99872.9,109848.0,104639.0
2024-02-22 22:30:00,98403.8,99259.9,97678.7,102414.0,100795.0,99890.7,109848.0,104747.0
2024-02-22 23:00:00,98403.8,99259.9,97678.7,102428.0,100795.0,99890.7,109848.0,104747.0
2024-02-22 23:30:00,98403.8,99259.9,97678.7,102428.0,100795.0,99890.7,109848.0,104854.0
2024-02-23 00:00:00,98403.8,99259.9,97678.7,102428.0,100795.0,99890.7,109848.0,104800.0
2024-02-23 00:30:00,98403.8,99259.9,97678.7,102613.0,100795.0,99908.6,109848.0,104423.0
2024-02-23 01:00:00,98403.8,99259.9,97678.7,102825.0,100795.0,99908.6,109848.0,104423.0
2024-02-23 01:30:00,98403.8,99748.2,97678.7,102799.0,100795.0,99908.6,109848.0,104423.0
2024-02-23 02:00:00,98403.8,99992.4,97678.7,102547.0,100795.0,99926.5,109848.0,104520.0
2024-02-23 02:30:00,98403.8,100237.0,97513.5,102626.0,100795.0,99908.6,109848.0,104714.0
2024-02-23 03:00:00,98403.8,97550.7,97794.3,102613.0,100795.0,99908.6,109848.0,104326.0
2024-02-23 03:30:00,98403.8,97550.7,98091.6,102467.0,100795.0,99908.6,111257.0,104326.0
2024-02-23 04:00:00,98403.8,97550.7,98488.1,102467.0,100795.0,99908.6,112149.0,104326.0
2024-02-23 04:30:00,98403.8,97550.7,98735.8,102467.0,100795.0,99926.5,112618.0,104326.0
2024-02-23 05:00:00,98403.8,97550.7,98422.0,102467.0,100795.0,99944.4,112900.0,104141.0
2024-02-23 05:30:00,98403.8,97550.7,98570.7,102467.0,100883.0,99962.2,112900.0,104604.0
2024-02-23 06:00:00,98403.8,97199.3,98372.4,102467.0,100777.0,99944.4,112853.0,104511.0
2024-02-23 06:30:00,98403.8,97199.3,98884.5,102467.0,100688.0,99944.4,112853.0,104141.0
2024-02-23 07:00:00,98403.8,97199.3,98835.0,102467.0,100653.0,99926.5,111304.0,104141.0
2024-02-23 07:30:00,98403.8,97550.7,99000.1,102467.0,100688.0,99962.2,110599.0,104789.0
2024-02-23 08:00:00,98403.8,97784.9,99231.4,102467.0,100688.0,99980.1,110552.0,106271.0
2024-02-23 08:30:00,98403.8,97784.9,98620.2,102467.0,100662.0,99998.0,109237.0,107012.0
2024-02-23 09:00:00,98403.8,97784.9,99578.3,102834.0,100796.0,99980.1,109237.0,107012.0
2024-02-23 09:30:00,98403.8,100010.0,99561.7,103385.0,100890.0,100016.0,110010.0,107660.0
2024-02-23 10:00:00,98403.8,100010.0,99809.5,102701.0,100863.0,100016.0,109838.0,107846.0
2024-02-23 10:30:00,98403.8,100010.0,98950.6,103134.0,100931.0,100016.0,110031.0,109328.0
2024-02-23 11:00:00,98403.8,100010.0,99016.7,102384.0,100904.0,100016.0,109881.0,109328.0
2024-02-23 11:30:00,98403.8,100010.0,99809.5,102617.0,100917.0,100016.0,109645.0,109328.0
2024-02-23 12:00:00,98403.8,100010.0,99809.5,102818.0,100931.0,100016.0,109645.0,109328.0
2024-02-23 12:30:00,98403.8,100010.0,99809.5,103034.0,100971.0,100016.0,109345.0,109328.0
2024-02-23 13:00:00,98403.8,100010.0,99809.5,103101.0,100971.0,100016.0,109409.0,109328.0
2024-02-23 13:30:00,98403.8,100010.0,99809.5,102884.0,100971.0,100016.0,109624.0,109328.0
2024-02-23 14:00:00,98403.8,100010.0,99809.5,103168.0,100971.0,100038.0,109624.0,109328.0
2024-02-23 14:30:00,98403.8,100010.0,99809.5,103168.0,100971.0,100049.0,109624.0,109328.0
2024-02-23 15:00:00,98403.8,100010.0,99809.5,103168.0,100971.0,100049.0,109624.0,109328.0
2024-02-23 15:30:00,98403.8,100010.0,99809.5,103168.0,100971.0,100038.0,109624.0,109328.0
2024-02-23 16:00:00,98403.8,100010.0,99809.5,103168.0,100971.0,100049.0,109624.0,109328.0
2024-02-23 16:30:00,98403.8,100010.0,99809.5,103168.0,100971.0,100060.0,109624.0,109328.0
2024-02-25 18:00:00,98403.8,100010.0,99809.5,103168.0,100971.0,99937.8,109624.0,109328.0
2024-02-25 18:30:00,98194.5,100010.0,99809.5,103168.0,100971.0,99937.8,109624.0,109328.0
2024-02-25 19:00:00,98194.5,100010.0,99809.5,103168.0,100971.0,99937.8,109624.0,109328.0
2024-02-25 19:30:00,98194.5,100010.0,99809.5,103168.0,100971.0,99937.8,109624.0,109328.0
2024-02-25 20:00:00,98194.5,100010.0,99809.5,103168.0,100971.0,99937.8,109345.0,109328.0
2024-02-25 20:30:00,98194.5,100010.0,99809.5,103168.0,100971.0,99937.8,109774.0,109328.0
2024-02-25 21:00:00,98194.5,100276.0,99809.5,103985.0,100971.0,99937.8,109667.0,109328.0
2024-02-25 21:30:00,98194.5,100329.0,99809.5,103435.0,100971.0,99937.8,109516.0,109328.0
2024-02-25 22:00:00,98194.5,100329.0,99809.5,103935.0,100971.0,99937.8,109409.0,109328.0
2024-02-25 22:30:00,98194.5,100169.0,99809.5,104335.0,100971.0,99937.8,109409.0,109457.0
2024-02-25 23:00:00,98194.5,100063.0,99809.5,104135.0,100971.0,99937.8,109409.0,109630.0
2024-02-25 23:30:00,98194.5,100063.0,99809.5,103985.0,100971.0,99937.8,109409.0,109457.0
2024-02-26 00:00:00,98194.5,100063.0,99851.4,103885.0,100971.0,99937.8,109409.0,109414.0
2024-02-26 00:30:00,98194.5,100063.0,99851.4,103901.0,100971.0,99937.8,109409.0,109673.0
2024-02-26 01:00:00,98194.5,100063.0,99704.8,103501.0,100971.0,99937.8,109409.0,109500.0
2024-02-26 01:30:00,98194.5,100063.0,99673.4,103818.0,100971.0,99937.8,109672.0,109543.0
2024-02-26 02:00:00,98194.5,100063.0,99673.4,103568.0,100971.0,99937.8,109672.0,109543.0
2024-02-26 02:30:00,98152.8,100063.0,99673.4,103651.0,100971.0,99937.8,110355.0,109543.0
2024-02-26 03:00:00,98653.0,100063.0,99753.4,103768.0,100971.0,99937.8,111196.0,109373.0
2024-02-26 03:30:00,97777.6,100063.0,99604.8,103751.0,101011.0,99937.8,110460.0,109373.0
2024-02-26 04:00:00,97319.1,100063.0,99616.3,104085.0,100931.0,99920.0,110460.0,109849.0
2024-02-26 04:30:00,97319.1,100063.0,99536.2,104002.0,100863.0,99920.0,110460.0,110040.0
2024-02-26 05:00:00,97319.1,100063.0,99536.2,103818.0,100756.0,99920.0,109409.0,109945.0
2024-02-26 05:30:00,96407.2,102181.0,99536.2,103785.0,100756.0,99920.0,109409.0,111088.0
2024-02-26 06:00:00,96407.2,102181.0,99536.2,103935.0,100608.0,99920.0,109409.0,111088.0
2024-02-26 06:30:00,96407.2,102181.0,99536.2,103818.0,100608.0,99920.0,109409.0,111374.0
2024-02-26 07:00:00,96407.2,102181.0,99642.1,103818.0,100608.0,99920.0,109409.0,111756.0
2024-02-26 07:30:00,96372.1,102181.0,99695.0,103561.0,100608.0,99920.0,109409.0,111374.0
2024-02-26 08:00:00,96091.0,102181.0,99311.4,103561.0,100608.0,100008.0,109409.0,109945.0
2024-02-26 08:30:00,96091.0,102181.0,99311.4,103561.0,100608.0,99990.1,109409.0,109945.0
2024-02-26 09:00:00,96091.0,102181.0,99311.4,103561.0,100608.0,99990.1,109409.0,109945.0
2024-02-26 09:30:00,96091.0,101185.0,99311.4,103561.0,100608.0,99990.1,109409.0,109945.0
2024-02-26 10:00:00,96091.0,101185.0,99311.4,103561.0,100608.0,99955.1,109409.0,109945.0
2024-02-26 10:30:00,95516.6,101185.0,99311.4,103561.0,100608.0,99937.5,109409.0,109945.0
2024-02-26 11:00:00,95953.2,101185.0,99311.4,103561.0,100608.0,99937.5,110325.0,110363.0
2024-02-26 11:30:00,95884.2,101185.0,99361.8,103456.0,100608.0,99907.5,109284.0,110423.0
2024-02-26 12:00:00,95769.4,101185.0,99849.3,103759.0,100608.0,99907.5,108785.0,109945.0
2024-02-26 12:30:00,95654.5,101185.0,100421.0,103825.0,100213.0,99907.5,108785.0,109855.0
2024-02-26 13:00:00,95424.7,101185.0,100354.0,104327.0,100213.0,99907.5,108785.0,109526.0
2024-02-26 13:30:00,95493.6,101011.0,100085.0,104366.0,100213.0,99907.5,109595.0,109526.0
2024-02-26 14:00:00,95562.6,101315.0,99899.7,104617.0,100213.0,99907.5,109595.0,109526.0
2024-02-26 14:30:00,95309.8,101315.0,100118.0,104617.0,100213.0,99907.5,109595.0,109526.0
2024-02-26 15:00:00,94574.5,101315.0,100186.0,104617.0,100213.0,99907.5,109595.0,109526.0
2024-02-26 15:30:00,94574.5,101315.0,99882.9,104617.0,100213.0,99907.5,109595.0,109526.0
2024-02-26 16:00:00,94574.5,101315.0,99882.9,104617.0,100213.0,99907.5,109595.0,109526.0
2024-02-26 16:30:00,94574.5,101315.0,99933.3,104617.0,100213.0,99907.5,109595.0,109526.0
2024-02-26 18:00:00,94574.5,101315.0,99983.8,104617.0,100213.0,99907.5,109595.0,109526.0
2024-02-26 18:30:00,94574.5,101315.0,100001.0,104617.0,100213.0,99921.2,109595.0,109526.0
2024-02-26 19:00:00,94574.5,101315.0,100034.0,104617.0,100213.0,99921.2,109595.0,109526.0
2024-02-26 19:30:00,94574.5,101315.0,100034.0,104617.0,100213.0,99921.2,109595.0,109526.0
2024-02-26 20:00:00,94574.5,101793.0,99916.5,104617.0,100213.0,99944.3,107279.0,109526.0
2024-02-26 20:30:00,94574.5,101880.0,99916.5,104617.0,100213.0,99932.8,107279.0,109526.0
2024-02-26 21:00:00,94574.5,101749.0,99765.2,104617.0,100213.0,99944.3,107279.0,109526.0
2024-02-26 21:30:00,94574.5,102010.0,99765.2,104617.0,100213.0,99944.3,107279.0,109526.0
2024-02-26 22:00:00,94574.5,102140.0,99765.2,104617.0,100213.0,99932.8,107169.0,109749.0
2024-02-26 22:30:00,94574.5,102270.0,99636.8,104617.0,100213.0,99932.8,107169.0,109749.0
2024-02-26 23:00:00,94574.5,102270.0,99636.8,104617.0,100213.0,99944.3,106837.0,109838.0
2024-02-26 23:30:00,94445.9,102314.0,99636.8,104617.0,100213.0,99944.3,106837.0,109838.0
2024-02-27 00:00:00,93802.7,102314.0,99636.8,104617.0,100213.0,99955.9,106837.0,109838.0
2024-02-27 00:30:00,94317.2,102444.0,99781.3,104617.0,100213.0,99955.9,106837.0,109749.0
2024-02-27 01:00:00,94445.9,102444.0,99893.6,104617.0,100213.0,99955.9,107907.0,109571.0
2024-02-27 01:30:00,94252.9,102270.0,99829.4,104617.0,100213.0,99955.9,108174.0,109615.0
2024-02-27 02:00:00,95282.1,102444.0,99973.8,104617.0,100213.0,99967.4,110047.0,109927.0
2024-02-27 02:30:00,95668.1,102140.0,99989.9,104617.0,100213.0,99921.2,108910.0,109927.0
2024-02-27 03:00:00,96954.6,102097.0,99845.5,104617.0,100213.0,99921.2,107840.0,109971.0
2024-02-27 03:30:00,97340.5,102401.0,99524.5,104617.0,100324.0,99945.4,107840.0,110238.0
2024-02-27 04:00:00,96375.6,102444.0,99524.5,104617.0,100398.0,99909.1,110047.0,110238.0
2024-02-27 04:30:00,96247.0,102183.0,99524.5,104617.0,100398.0,99909.1,110715.0,110327.0
2024-02-27 05:00:00,95796.7,101662.0,99179.7,104617.0,100423.0,99909.1,109111.0,109704.0
2024-02-27 05:30:00,96182.7,101662.0,99179.7,104617.0,100361.0,99934.8,109111.0,109927.0
2024-02-27 06:00:00,95603.7,101662.0,99179.7,104617.0,100311.0,99947.6,109645.0,109927.0
2024-02-27 06:30:00,97276.2,101662.0,99179.7,104617.0,100324.0,99947.6,109645.0,109927.0
2024-02-27 07:00:00,97533.5,101662.0,99179.7,104617.0,100373.0,99909.1,109645.0,109660.0
2024-02-27 07:30:00,97404.8,101662.0,99179.7,104617.0,100386.0,99909.1,109044.0,109660.0
2024-02-27 08:00:00,96311.3,101526.0,99179.7,104617.0,100386.0,99909.1,107104.0,110227.0
2024-02-27 08:30:00,95539.4,101526.0,99179.7,104617.0,100472.0,99909.1,107104.0,109849.0
2024-02-27 09:00:00,95539.4,101526.0,99583.6,104617.0,100509.0,99909.1,107104.0,109849.0
2024-02-27 09:30:00,95197.3,102508.0,100017.0,104617.0,100484.0,99909.1,107104.0,109660.0
2024-02-27 10:00:00,95197.3,103097.0,99852.9,104617.0,100546.0,99909.1,107104.0,109660.0
2024-02-27 10:30:00,95197.3,103752.0,100047.0,104617.0,100460.0,99909.1,107104.0,109660.0
2024-02-27 11:00:00,95197.3,103752.0,100152.0,104617.0,100546.0,99909.1,107104.0,109660.0
2024-02-27 11:30:00,95197.3,103752.0,100107.0,104617.0,100546.0,99909.1,107104.0,109660.0
2024-02-27 12:00:00,95197.3,103874.0,100152.0,104617.0,100632.0,99909.1,105123.0,109660.0
2024-02-27 12:30:00,95197.3,103752.0,100242.0,104617.0,100719.0,99909.1,105123.0,109660.0
2024-02-27 13:00:00,95197.3,103671.0,100631.0,104617.0,100719.0,99867.5,105123.0,109660.0
2024-02-27 13:30:00,95197.3,103752.0,100885.0,104617.0,100719.0,99867.5,105123.0,109660.0
2024-02-27 14:00:00,95197.3,103549.0,100870.0,104617.0,100719.0,99698.9,105123.0,109660.0
2024-02-27 14:30:00,95197.3,103549.0,100706.0,104617.0,100719.0,99698.9,105123.0,109660.0
2024-02-27 15:00:00,95197.3,103549.0,100691.0,104617.0,100719.0,99698.9,105123.0,109660.0
2024-02-27 15:30:00,95197.3,103549.0,100601.0,104617.0,100719.0,99698.9,105123.0,109660.0
2024-02-27 16:00:00,95277.2,103549.0,100526.0,104617.0,100719.0,99698.9,105123.0,109660.0
2024-02-27 16:30:00,95223.9,103549.0,100391.0,104617.0,100719.0,99698.9,105123.0,109660.0
2024-02-27 18:00:00,95170.7,103549.0,100242.0,104617.0,100719.0,99698.9,105123.0,109660.0
2024-02-27 18:30:00,95383.7,103549.0,100227.0,104617.0,100719.0,99698.9,105123.0,109660.0
2024-02-27 19:00:00,95357.0,103549.0,100272.0,104617.0,100719.0,99698.9,105123.0,109660.0
2024-02-27 19:30:00,95170.7,103549.0,100436.0,104617.0,100719.0,99698.9,105123.0,109660.0
2024-02-27 20:00:00,94824.5,102898.0,100406.0,104617.0,100719.0,99698.9,103561.0,109660.0
2024-02-27 20:30:00,94824.5,102898.0,100481.0,104617.0,100719.0,99698.9,103561.0,109660.0
2024-02-27 21:00:00,94824.5,102898.0,100556.0,104617.0,100719.0,99698.9,103561.0,109618.0
2024-02-27 21:30:00,94824.5,102898.0,100481.0,104617.0,100719.0,99698.9,103561.0,109323.0
2024-02-27 22:00:00,94868.6,102898.0,100406.0,104617.0,100719.0,99698.9,103561.0,109491.0
2024-02-27 22:30:00,94824.5,102898.0,100406.0,104617.0,100719.0,99698.9,103561.0,109660.0
2024-02-27 23:00:00,94912.7,102898.0,100367.0,104617.0,100719.0,99698.9,103561.0,109449.0
2024-02-27 23:30:00,95177.2,102898.0,100315.0,104617.0,100719.0,99698.9,103561.0,109702.0
2024-02-28 00:00:00,94868.6,102898.0,100315.0,104617.0,100719.0,99698.9,103561.0,109828.0
2024-02-28 00:30:00,94824.5,102898.0,100315.0,104617.0,100719.0,99698.9,103561.0,109660.0
2024-02-28 01:00:00,94692.3,102898.0,100315.0,104617.0,100719.0,99698.9,103561.0,109828.0
2024-02-28 01:30:00,94692.3,102898.0,100315.0,104617.0,100719.0,99698.9,103561.0,109660.0
2024-02-28 02:00:00,94881.6,102898.0,100315.0,104617.0,100719.0,99698.9,103561.0,110039.0
2024-02-28 02:30:00,95146.7,102898.0,100315.0,104617.0,100719.0,99698.9,103561.0,110081.0
2024-02-28 03:00:00,94843.7,102898.0,100315.0,104617.0,100719.0,99698.9,103561.0,110586.0
2024-02-28 03:30:00,95601.1,102898.0,100315.0,104617.0,100719.0,99698.9,103561.0,110797.0
2024-02-28 04:00:00,95601.1,102898.0,100315.0,104617.0,100719.0,99698.9,103561.0,110712.0
2024-02-28 04:30:00,95601.1,102898.0,100315.0,104617.0,100719.0,99698.9,103649.0,110755.0
2024-02-28 05:00:00,95601.1,101989.0,100315.0,104617.0,100719.0,99698.9,103649.0,110291.0
2024-02-28 05:30:00,95601.1,102292.0,100315.0,104617.0,100719.0,99698.9,103649.0,110376.0
2024-02-28 06:00:00,95601.1,102443.0,100315.0,104617.0,100719.0,99698.9,103759.0,110418.0
2024-02-28 06:30:00,95601.1,103050.0,100315.0,104617.0,100719.0,99698.9,103759.0,110333.0
2024-02-28 07:00:00,95153.7,103201.0,100315.0,104890.0,100719.0,99698.9,103759.0,109912.0
2024-02-28 07:30:00,95153.7,104414.0,100315.0,104795.0,100719.0,99698.9,103935.0,109912.0
2024-02-28 08:00:00,95153.7,103353.0,100315.0,106474.0,100719.0,99698.9,103759.0,109674.0
2024-02-28 08:30:00,95153.7,103808.0,100664.0,104701.0,100719.0,99698.9,103693.0,109674.0
2024-02-28 09:00:00,95153.7,103808.0,101048.0,104428.0,100849.0,99698.9,103452.0,109674.0
2024-02-28 09:30:00,95153.7,104566.0,101048.0,104428.0,100813.0,99698.9,103935.0,110091.0
2024-02-28 10:00:00,95153.7,103050.0,101048.0,104428.0,100978.0,99698.9,104001.0,110257.0
2024-02-28 10:30:00,95153.7,103808.0,101048.0,104428.0,100860.0,99698.9,103693.0,109174.0
2024-02-28 11:00:00,95153.7,101231.0,101048.0,104428.0,100931.0,99698.9,103056.0,109174.0
2024-02-28 11:30:00,95153.7,101231.0,101048.0,104428.0,100978.0,99698.9,103056.0,109174.0
2024-02-28 12:00:00,95153.7,100779.0,101048.0,104673.0,100978.0,99698.9,103056.0,109174.0
2024-02-28 12:30:00,95153.7,100779.0,101048.0,103967.0,100790.0,99698.9,103056.0,109174.0
2024-02-28 13:00:00,95057.6,100779.0,100943.0,103967.0,100790.0,99698.9,103056.0,109174.0
2024-02-28 13:30:00,94625.0,100779.0,100701.0,103967.0,100790.0,99698.9,103056.0,109174.0
2024-02-28 14:00:00,94697.1,100779.0,100701.0,103967.0,100790.0,99698.9,103056.0,109174.0
2024-02-28 14:30:00,94745.2,100779.0,100701.0,103967.0,100790.0,99698.9,103056.0,109174.0
2024-02-28 15:00:00,94745.2,100779.0,100701.0,103967.0,100790.0,99698.9,103056.0,109174.0
2024-02-28 15:30:00,94640.9,100779.0,100652.0,103967.0,100790.0,99698.9,103056.0,109174.0
2024-02-28 16:00:00,94571.3,100779.0,100799.0,103967.0,100790.0,99698.9,103056.0,109174.0
2024-02-28 16:30:00,94780.0,100779.0,100864.0,103967.0,100790.0,99698.9,103056.0,109174.0
2024-02-28 18:00:00,94675.6,100779.0,101011.0,103967.0,100790.0,99698.9,103056.0,109174.0
2024-02-28 18:30:00,94606.1,100779.0,101109.0,103967.0,100790.0,99698.9,103056.0,109174.0
2024-02-28 19:00:00,94640.9,100779.0,101109.0,103967.0,100790.0,99698.9,103056.0,109174.0
2024-02-28 19:30:00,94397.4,100779.0,101109.0,103967.0,100790.0,99698.9,103056.0,109174.0
2024-02-28 20:00:00,94397.4,100779.0,101109.0,103967.0,100790.0,99698.9,103056.0,109174.0
2024-02-28 20:30:00,95401.8,100779.0,101109.0,103967.0,100790.0,99698.9,103056.0,109174.0
2024-02-28 21:00:00,95652.9,100779.0,101109.0,103967.0,100790.0,99698.9,103056.0,108388.0
2024-02-28 21:30:00,95464.6,100779.0,100982.0,103967.0,100790.0,99698.9,103056.0,108388.0
2024-02-28 22:00:00,94962.4,100779.0,100982.0,103967.0,100790.0,99698.9,103056.0,108388.0
2024-02-28 22:30:00,95464.6,100779.0,100982.0,103967.0,100790.0,99698.9,103056.0,108655.0
2024-02-28 23:00:00,95150.7,100779.0,100982.0,103967.0,100790.0,99698.9,103056.0,108655.0
2024-02-28 23:30:00,94711.3,100779.0,100982.0,103967.0,100790.0,99698.9,103056.0,108655.0
2024-02-29 00:00:00,94334.6,100779.0,100982.0,103967.0,100790.0,99698.9,103056.0,108708.0
2024-02-29 00:30:00,94334.6,100779.0,100982.0,103967.0,100790.0,99698.9,103056.0,108815.0
2024-02-29 01:00:00,94854.3,100779.0,100982.0,103967.0,100790.0,99698.9,103056.0,108655.0
2024-02-29 01:30:00,95142.9,101124.0,100982.0,103899.0,100790.0,99698.9,103056.0,108815.0
2024-02-29 02:00:00,94912.0,100952.0,100982.0,103328.0,100790.0,99698.9,103056.0,108815.0
2024-02-29 02:30:00,95373.9,100952.0,101194.0,103058.0,100790.0,99684.7,103440.0,108815.0
2024-02-29 03:00:00,95142.9,100089.0,101176.0,103681.0,100790.0,99684.7,103440.0,108815.0
2024-02-29 03:30:00,95373.9,102332.0,101335.0,102369.0,100790.0,99684.7,103440.0,108815.0
2024-02-29 04:00:00,94450.1,101297.0,100965.0,102369.0,100790.0,99684.7,103440.0,107881.0
2024-02-29 04:30:00,94450.1,100779.0,100965.0,101699.0,100790.0,99699.2,103440.0,107881.0
2024-02-29 05:00:00,94450.1,99916.5,100965.0,101699.0,100790.0,99684.7,103440.0,108233.0
2024-02-29 05:30:00,94450.1,99916.5,100646.0,100721.0,100790.0,99699.2,103440.0,108848.0
2024-02-29 06:00:00,94450.1,99916.5,100429.0,100721.0,100790.0,99713.7,103506.0,108848.0
2024-02-29 06:30:00,94450.1,99916.5,100429.0,100721.0,100790.0,99699.2,103440.0,109111.0
2024-02-29 07:00:00,94450.1,99916.5,100429.0,100721.0,100790.0,99670.2,103745.0,109639.0
2024-02-29 07:30:00,94450.1,99916.5,100202.0,100721.0,100790.0,99670.2,103811.0,111133.0
2024-02-29 08:00:00,94450.1,99916.5,100190.0,100854.0,100790.0,99670.2,103811.0,110166.0
2024-02-29 08:30:00,94450.1,99916.5,100556.0,102446.0,100843.0,99670.2,104377.0,110517.0
2024-02-29 09:00:00,94450.1,99916.5,100644.0,102815.0,100714.0,99670.2,104377.0,110517.0
2024-02-29 09:30:00,94450.1,99916.5,100202.0,103685.0,100833.0,99670.2,104377.0,108848.0
2024-02-29 10:00:00,94450.1,100178.0,99848.9,103051.0,100843.0,99655.1,104377.0,108057.0
2024-02-29 10:30:00,94450.1,100178.0,99848.9,101975.0,100682.0,99655.1,104377.0,108057.0
2024-02-29 11:00:00,94450.1,100570.0,99848.9,100898.0,100650.0,99639.9,104377.0,108057.0
2024-02-29 11:30:00,94450.1,99842.4,99848.9,100898.0,100800.0,99639.9,104377.0,108057.0
2024-02-29 12:00:00,94450.1,99842.4,99848.9,100898.0,101016.0,99639.9,104377.0,108057.0
2024-02-29 12:30:00,94450.1,99842.4,99848.9,100898.0,101005.0,99639.9,104377.0,108057.0
2024-02-29 13:00:00,94450.1,100829.0,99848.9,100898.0,101005.0,99639.9,104377.0,108057.0
2024-02-29 13:30:00,94450.1,101137.0,99848.9,100340.0,101005.0,99639.9,104377.0,108057.0
2024-02-29 14:00:00,94450.1,100767.0,99848.9,100340.0,101005.0,99610.2,104377.0,108057.0
2024-02-29 14:30:00,94450.1,100767.0,99848.9,100340.0,101005.0,99610.2,104377.0,108057.0
2024-02-29 15:00:00,94450.1,100767.0,99848.9,100340.0,101005.0,99610.2,104377.0,108057.0
2024-02-29 15:30:00,94349.6,100767.0,99848.9,100340.0,101005.0,99610.2,104377.0,108057.0
2024-02-29 16:00:00,94224.1,100767.0,99668.4,100340.0,101005.0,99610.2,104377.0,108057.0
2024-02-29 16:30:00,94374.8,100767.0,99642.6,100340.0,101005.0,99610.2,104377.0,108057.0
2024-02-29 18:00:00,94123.6,100767.0,99642.6,100340.0,101005.0,99610.2,104377.0,108057.0
2024-02-29 18:30:00,94299.4,100767.0,99642.6,100340.0,101005.0,99610.2,104377.0,108057.0
2024-02-29 19:00:00,94123.6,100767.0,99517.0,100340.0,101005.0,99610.2,104377.0,108057.0
2024-02-29 19:30:00,94123.6,100767.0,99517.0,100340.0,101005.0,99610.2,104377.0,108057.0
2024-02-29 20:00:00,94123.6,100274.0,99517.0,100340.0,101005.0,99626.4,104377.0,107982.0
2024-02-29 20:30:00,94123.6,100582.0,99587.2,100340.0,101005.0,99626.4,104377.0,107982.0
2024-02-29 21:00:00,94123.6,100336.0,99587.2,100340.0,101005.0,99626.4,104377.0,107982.0
2024-02-29 21:30:00,94123.6,100212.0,99605.0,100178.0,101005.0,99626.4,104377.0,107982.0
2024-02-29 22:00:00,94378.2,100212.0,99658.5,99968.0,101005.0,99610.2,104377.0,108164.0
2024-02-29 22:30:00,94734.7,100151.0,99640.7,99870.9,101005.0,99610.2,104377.0,108103.0
2024-02-29 23:00:00,94581.9,100274.0,99640.7,99741.5,101005.0,99610.2,104377.0,108103.0
2024-02-29 23:30:00,94174.5,100274.0,99640.7,99741.5,101005.0,99610.2,104377.0,108103.0
2024-03-01 00:00:00,93614.4,100453.0,99640.7,99741.5,101005.0,99610.2,104377.0,108103.0
2024-03-01 00:30:00,93614.4,100631.0,99640.7,99741.5,101005.0,99577.6,104377.0,108103.0
2024-03-01 01:00:00,93614.4,100453.0,99640.7,99741.5,101005.0,99577.6,104377.0,107759.0
2024-03-01 01:30:00,93332.3,100274.0,99640.7,99741.5,101005.0,99577.6,104165.0,107587.0
2024-03-01 02:00:00,93332.3,100095.0,99640.7,99741.5,101005.0,99577.6,104165.0,107502.0
2024-03-01 02:30:00,92838.8,100095.0,99538.5,99741.5,101005.0,99577.6,104165.0,107673.0
2024-03-01 03:00:00,91675.3,100095.0,99538.5,99861.8,101005.0,99577.6,104165.0,108275.0
2024-03-01 03:30:00,91675.3,100095.0,99434.6,98882.2,100865.0,99577.6,104165.0,108275.0
2024-03-01 04:00:00,91675.3,100095.0,98604.0,98882.2,100983.0,99577.6,104165.0,108533.0
2024-03-01 04:30:00,91675.3,100095.0,98604.0,98899.7,100908.0,99577.6,104165.0,108705.0
2024-03-01 05:00:00,92460.7,99111.9,98604.0,99232.2,100876.0,99562.9,104165.0,108275.0
2024-03-01 05:30:00,93303.6,99111.9,98604.0,98969.7,100994.0,99562.9,104165.0,107330.0
2024-03-01 06:00:00,93303.6,99111.9,98604.0,99652.3,100919.0,99562.9,104503.0,107330.0
2024-03-01 06:30:00,93303.6,99111.9,98604.0,98322.1,101209.0,99562.9,104261.0,106731.0
2024-03-01 07:00:00,93303.6,99111.9,98604.0,98322.1,101209.0,99562.9,104390.0,106731.0
2024-03-01 07:30:00,93303.6,99111.9,98604.0,98322.1,101209.0,99546.5,104439.0,106731.0
2024-03-01 08:00:00,93303.6,98945.5,98604.0,98322.1,101209.0,99546.5,104148.0,106731.0
2024-03-01 08:30:00,93303.6,99111.9,98604.0,98249.5,101209.0,99564.1,104068.0,106731.0
2024-03-01 09:00:00,93762.0,99111.9,98604.0,98939.6,101209.0,99564.1,104068.0,106731.0
2024-03-01 09:30:00,92589.1,106934.0,98604.0,99557.1,101209.0,99540.8,104068.0,106731.0
2024-03-01 10:00:00,92589.1,106934.0,98604.0,99557.1,101209.0,99540.8,104310.0,106731.0
2024-03-01 10:30:00,92589.1,106934.0,98604.0,99557.1,101209.0,99540.8,104616.0,106731.0
2024-03-01 11:00:00,92589.1,106934.0,98604.0,99557.1,101209.0,99540.8,105196.0,106731.0
2024-03-01 11:30:00,92589.1,106934.0,98604.0,99557.1,101209.0,99540.8,105196.0,106731.0
2024-03-01 12:00:00,92589.1,106934.0,98604.0,99557.1,101209.0,99540.8,105196.0,106731.0
2024-03-01 12:30:00,92589.1,106934.0,98604.0,99557.1,101209.0,99540.8,105196.0,106106.0
2024-03-01 13:00:00,92589.1,106934.0,98604.0,99557.1,101209.0,99540.8,105196.0,106106.0
2024-03-01 13:30:00,92589.1,106934.0,98604.0,99557.1,101209.0,99529.3,105196.0,106106.0
2024-03-01 14:00:00,92589.1,106934.0,98604.0,99557.1,101209.0,99529.3,105196.0,106106.0
2024-03-01 14:30:00,92589.1,106934.0,98604.0,99557.1,101209.0,99529.3,105196.0,106106.0
2024-03-01 15:00:00,92589.1,106934.0,98604.0,99557.1,101209.0,99529.3,105196.0,106106.0
2024-03-01 15:30:00,92589.1,106934.0,98478.5,99557.1,101209.0,99529.3,105196.0,106106.0
2024-03-01 16:00:00,92589.1,106934.0,98478.5,99557.1,101209.0,99541.1,105196.0,106106.0
2024-03-01 16:30:00,92589.1,106934.0,98478.5,99557.1,101209.0,99529.3,105196.0,106106.0
2024-03-03 18:00:00,92589.1,106934.0,98478.5,99557.1,101209.0,99446.9,105196.0,106106.0
2024-03-03 18:30:00,92589.1,106934.0,98403.2,99557.1,101209.0,99446.9,105196.0,106106.0
2024-03-03 19:00:00,92589.1,106934.0,98403.2,99557.1,101209.0,99446.9,105196.0,106106.0
2024-03-03 19:30:00,92589.1,106934.0,98456.3,99557.1,101209.0,99446.9,105196.0,106106.0
2024-03-03 20:00:00,92589.1,106934.0,98562.4,99557.1,101209.0,99446.9,104921.0,107163.0
2024-03-03 20:30:00,92589.1,106934.0,98413.8,99557.1,101209.0,99446.9,104921.0,107163.0
2024-03-03 21:00:00,92934.1,106934.0,98382.0,99557.1,101209.0,99446.9,104921.0,107163.0
2024-03-03 21:30:00,92884.8,106934.0,98382.0,99557.1,101209.0,99446.9,104921.0,107163.0
2024-03-03 22:00:00,92884.8,106934.0,98382.0,99557.1,101209.0,99446.9,104921.0,107163.0
2024-03-03 22:30:00,92884.8,106934.0,98382.0,99557.1,101209.0,99446.9,104921.0,107163.0
2024-03-03 23:00:00,92884.8,106934.0,98382.0,99557.1,101209.0,99446.9,104921.0,107163.0
2024-03-03 23:30:00,92884.8,107048.0,98382.0,99557.1,101209.0,99446.9,104921.0,107163.0
2024-03-04 00:00:00,92884.8,107048.0,98382.0,99557.1,101209.0,99446.9,104921.0,107163.0
2024-03-04 00:30:00,92884.8,106934.0,98382.0,99557.1,101209.0,99446.9,104921.0,107163.0
2024-03-04 01:00:00,92884.8,106934.0,98382.0,99557.1,101209.0,99436.2,104921.0,107163.0
2024-03-04 01:30:00,92884.8,106934.0,98382.0,99557.1,101209.0,99446.9,104921.0,107163.0
2024-03-04 02:00:00,93422.9,107837.0,98382.0,99557.1,101209.0,99436.2,104921.0,107163.0
2024-03-04 02:30:00,94284.0,107611.0,98421.0,99557.1,101209.0,99436.2,105238.0,107163.0
2024-03-04 03:00:00,93530.6,108514.0,98602.7,99557.1,101209.0,99436.2,107016.0,107163.0
2024-03-04 03:30:00,92920.7,109191.0,98654.6,99557.1,101209.0,99436.2,107016.0,107163.0
2024-03-04 04:00:00,92777.2,111223.0,98446.9,99557.1,101209.0,99436.2,106190.0,107163.0
2024-03-04 04:30:00,93315.3,109868.0,98135.4,99557.1,101209.0,99436.2,105873.0,107255.0
2024-03-04 05:00:00,92813.0,109868.0,98135.4,99557.1,101209.0,99436.2,105746.0,107806.0
2024-03-04 05:30:00,92884.8,109643.0,98135.4,99557.1,101081.0,99436.2,105746.0,107255.0
2024-03-04 06:00:00,92633.7,109643.0,98135.4,99557.1,101081.0,99436.2,105746.0,107255.0
2024-03-04 06:30:00,92633.7,108740.0,98135.4,99557.1,101081.0,99436.2,105746.0,107255.0
2024-03-04 07:00:00,92633.7,108740.0,98135.4,99557.1,101081.0,99436.2,105746.0,107110.0
2024-03-04 07:30:00,92484.2,106256.0,98135.4,99557.1,101104.0,99436.2,105746.0,107110.0
2024-03-04 08:00:00,92484.2,106256.0,98135.4,99557.1,101036.0,99436.2,105746.0,107048.0
2024-03-04 08:30:00,95283.3,106256.0,98135.4,99557.1,100855.0,99436.2,105746.0,107110.0
2024-03-04 09:00:00,96827.6,106256.0,98446.2,99557.1,100855.0,99436.2,105746.0,107110.0
2024-03-04 09:30:00,98243.2,106256.0,97730.1,99557.1,100855.0,99436.2,105746.0,107421.0
2024-03-04 10:00:00,98339.8,106256.0,97730.1,99557.1,100855.0,99436.2,105746.0,107981.0
2024-03-04 10:30:00,100914.0,106256.0,98163.8,99557.1,101290.0,99436.2,105746.0,107670.0
2024-03-04 11:00:00,100914.0,106256.0,97955.6,99557.1,101290.0,99436.2,105746.0,106052.0
2024-03-04 11:30:00,100914.0,106256.0,98597.6,99557.1,101452.0,99436.2,105888.0,106052.0
2024-03-04 12:00:00,100914.0,106256.0,98927.2,99557.1,101464.0,99436.2,105924.0,106052.0
2024-03-04 12:30:00,100914.0,106256.0,99031.3,100091.0,101539.0,99436.2,105959.0,106052.0
2024-03-04 13:00:00,100914.0,106256.0,99118.1,99962.9,101539.0,99436.2,105995.0,106052.0
2024-03-04 13:30:00,100914.0,106256.0,99066.0,99827.6,101539.0,99414.8,105746.0,106052.0
2024-03-04 14:00:00,100914.0,106188.0,99083.4,99985.4,101539.0,99414.8,105746.0,106052.0
2024-03-04 14:30:00,100914.0,106188.0,98840.5,99985.4,101539.0,99414.8,105746.0,106052.0
2024-03-04 15:00:00,100914.0,106188.0,98944.6,99985.4,101539.0,99414.8,105746.0,106052.0
2024-03-04 15:30:00,100914.0,106188.0,99031.3,99985.4,101539.0,99414.8,105746.0,106052.0
2024-03-04 16:00:00,100914.0,106188.0,99066.0,99985.4,101539.0,99414.8,105746.0,106052.0
2024-03-04 16:30:00,100914.0,106188.0,99014.0,99985.4,101539.0,99414.8,105746.0,106052.0
2024-03-04 18:00:00,100895.0,106188.0,98875.2,99985.4,101539.0,99414.8,105746.0,106052.0
2024-03-04 18:30:00,100876.0,106188.0,99135.4,99985.4,101539.0,99414.8,105746.0,106052.0
2024-03-04 19:00:00,100820.0,106188.0,99256.9,99985.4,101539.0,99414.8,105746.0,106052.0
2024-03-04 19:30:00,101026.0,106188.0,99378.3,99985.4,101539.0,99414.8,105746.0,106052.0
2024-03-04 20:00:00,100426.0,106460.0,99326.3,99985.4,101539.0,99414.8,106209.0,106052.0
2024-03-04 20:30:00,100426.0,106732.0,99204.8,99985.4,101539.0,99414.8,106209.0,106052.0
2024-03-04 21:00:00,100426.0,106664.0,99413.0,99812.6,101539.0,99414.8,105105.0,106052.0
2024-03-04 21:30:00,100426.0,106460.0,99517.1,100106.0,101539.0,99414.8,105105.0,106052.0
2024-03-04 22:00:00,100426.0,106392.0,99482.4,99985.4,101539.0,99414.8,105105.0,106052.0
2024-03-04 22:30:00,100426.0,106460.0,99551.8,99782.5,101539.0,99414.8,105105.0,106052.0
2024-03-04 23:00:00,100426.0,106732.0,99655.9,99865.2,101539.0,99414.8,105105.0,106052.0
2024-03-04 23:30:00,100426.0,106528.0,99603.9,99895.2,101539.0,99414.8,105105.0,106052.0
2024-03-05 00:00:00,100451.0,106460.0,99482.4,99917.8,101539.0,99414.8,105105.0,106052.0
2024-03-05 00:30:00,101356.0,106664.0,99638.6,99917.8,101539.0,99431.7,105105.0,105281.0
2024-03-05 01:00:00,100652.0,106867.0,99812.1,100000.0,101539.0,99397.8,105105.0,103737.0
2024-03-05 01:30:00,100828.0,106800.0,99794.7,100106.0,101539.0,99397.8,105105.0,103737.0
2024-03-05 02:00:00,100401.0,106935.0,99760.0,100076.0,101539.0,99397.8,104968.0,104338.0
2024-03-05 02:30:00,100149.0,106732.0,99794.7,100076.0,101539.0,99380.7,105863.0,104438.0
2024-03-05 03:00:00,100149.0,106867.0,99725.3,100076.0,101539.0,99380.7,104968.0,105039.0
2024-03-05 03:30:00,100078.0,106528.0,99187.5,100076.0,101464.0,99380.7,104692.0,105140.0
2024-03-05 04:00:00,100848.0,106732.0,99187.5,100105.0,101352.0,99380.7,104624.0,105140.0
2024-03-05 04:30:00,100758.0,105985.0,99187.5,100366.0,101452.0,99380.7,104624.0,105140.0
2024-03-05 05:00:00,101170.0,105985.0,99187.5,100454.0,101377.0,99367.0,104624.0,104539.0
2024-03-05 05:30:00,100633.0,105985.0,99187.5,100410.0,101328.0,99367.0,104624.0,104939.0
2024-03-05 06:00:00,101170.0,105985.0,99187.5,100396.0,101427.0,99353.2,104624.0,104939.0
2024-03-05 06:30:00,100776.0,105985.0,99187.5,100308.0,101489.0,99353.2,104624.0,104238.0
2024-03-05 07:00:00,100292.0,105985.0,99799.1,100905.0,101390.0,99371.2,104624.0,104238.0
2024-03-05 07:30:00,100740.0,105985.0,99933.4,101079.0,101514.0,99371.2,104624.0,103868.0
2024-03-05 08:00:00,102065.0,105985.0,100426.0,101748.0,101365.0,99371.2,104624.0,103405.0
2024-03-05 08:30:00,101331.0,105985.0,99724.5,101690.0,101352.0,99353.2,104624.0,103405.0
2024-03-05 09:00:00,102119.0,105985.0,99396.3,101239.0,101340.0,99317.3,104624.0,103405.0
2024-03-05 09:30:00,101456.0,105985.0,99396.3,101515.0,101340.0,99317.3,104624.0,102294.0
2024-03-05 10:00:00,102029.0,105985.0,99396.3,101399.0,101464.0,99335.3,104624.0,102294.0
2024-03-05 10:30:00,101206.0,105985.0,98053.2,101370.0,101303.0,99317.3,104624.0,102294.0
2024-03-05 11:00:00,101116.0,105985.0,98053.2,101050.0,101303.0,99299.4,104624.0,102294.0
2024-03-05 11:30:00,101474.0,105985.0,98053.2,101195.0,101303.0,99299.4,104624.0,102294.0
2024-03-05 12:00:00,101725.0,105985.0,98264.0,100774.0,101303.0,99299.4,104624.0,102205.0
2024-03-05 12:30:00,101958.0,105985.0,98154.4,100774.0,101303.0,99299.4,104624.0,102339.0
2024-03-05 13:00:00,102405.0,105985.0,98264.0,100774.0,101303.0,99194.6,104624.0,102472.0
2024-03-05 13:30:00,101904.0,105985.0,98483.2,100774.0,101303.0,99194.6,104113.0,102606.0
2024-03-05 14:00:00,102459.0,105985.0,98238.7,100774.0,101303.0,99194.6,104113.0,102695.0
2024-03-05 14:30:00,101725.0,105985.0,98255.5,100774.0,101303.0,99194.6,104113.0,102695.0
2024-03-05 15:00:00,101886.0,105985.0,98247.1,100774.0,101303.0,99183.9,104113.0,102695.0
2024-03-05 15:30:00,101725.0,105985.0,98205.0,100774.0,101303.0,99194.6,104113.0,102695.0
2024-03-05 16:00:00,101635.0,105985.0,98272.4,100774.0,101303.0,99183.9,104113.0,102695.0
2024-03-05 16:30:00,101420.0,105985.0,98255.5,100774.0,101303.0,99183.9,104113.0,102695.0
2024-03-05 18:00:00,101420.0,105985.0,98213.4,100774.0,101303.0,99183.9,104113.0,102695.0
2024-03-05 18:30:00,101420.0,105985.0,98213.4,100774.0,101303.0,99183.9,104113.0,102695.0
2024-03-05 19:00:00,101420.0,105985.0,98213.4,100774.0,101303.0,99173.1,104113.0,102695.0
2024-03-05 19:30:00,101420.0,105985.0,98241.2,100774.0,101303.0,99173.1,104113.0,102695.0
2024-03-05 20:00:00,101420.0,106932.0,98296.8,100774.0,101303.0,99173.1,104113.0,102205.0
2024-03-05 20:30:00,101420.0,107331.0,98408.1,100774.0,101303.0,99173.1,103297.0,102205.0
2024-03-05 21:00:00,101420.0,107131.0,98338.5,100774.0,101303.0,99173.1,103297.0,102481.0
2024-03-05 21:30:00,101420.0,107281.0,98338.5,100774.0,101303.0,99173.1,103126.0,102205.0
2024-03-05 22:00:00,101420.0,107231.0,98323.5,100774.0,101303.0,99173.1,103177.0,101875.0
2024-03-05 22:30:00,101420.0,107181.0,98323.5,100774.0,101303.0,99159.3,103092.0,101875.0
2024-03-05 23:00:00,101420.0,107181.0,98323.5,100484.0,101303.0,99159.3,103057.0,101875.0
2024-03-05 23:30:00,101420.0,107082.0,98323.5,100484.0,101303.0,99159.3,103057.0,101875.0
2024-03-06 00:00:00,101420.0,107181.0,98323.5,100484.0,101303.0,99159.3,103057.0,101875.0
2024-03-06 00:30:00,101420.0,107181.0,98323.5,100484.0,101303.0,99159.3,102886.0,101469.0
2024-03-06 01:00:00,101420.0,107430.0,98323.5,100484.0,101303.0,99159.3,102852.0,101469.0
2024-03-06 01:30:00,101420.0,107480.0,98323.5,100344.0,101303.0,99159.3,102800.0,101469.0
2024-03-06 02:00:00,102249.0,107480.0,98323.5,100589.0,101303.0,99145.7,102646.0,102829.0
2024-03-06 02:30:00,101776.0,107530.0,98323.5,101289.0,101303.0,99145.7,102646.0,103238.0
2024-03-06 03:00:00,101381.0,107580.0,98589.5,101306.0,101303.0,99145.7,102646.0,103510.0
2024-03-06 03:30:00,100512.0,107680.0,98755.7,101446.0,101303.0,99145.7,100986.0,103374.0
2024-03-06 04:00:00,100512.0,107779.0,98905.3,102041.0,101303.0,99145.7,100986.0,102693.0
2024-03-06 04:30:00,100512.0,107879.0,99154.7,102041.0,101303.0,99145.7,100986.0,103510.0
2024-03-06 05:00:00,100200.0,107480.0,99088.2,101674.0,101303.0,99145.7,100906.0,101741.0
2024-03-06 05:30:00,99757.1,107680.0,98905.3,101674.0,101303.0,99145.7,100906.0,101741.0
2024-03-06 06:00:00,99757.1,107630.0,99005.1,101236.0,101303.0,99145.7,100906.0,101741.0
2024-03-06 06:30:00,99757.1,107580.0,99071.5,101656.0,101303.0,99145.7,100906.0,101741.0
2024-03-06 07:00:00,99757.1,107430.0,98822.2,101726.0,101303.0,99161.1,100906.0,101741.0
2024-03-06 07:30:00,99932.4,107430.0,98905.3,102164.0,101303.0,99145.7,100906.0,102054.0
2024-03-06 08:00:00,100108.0,107430.0,99304.3,102409.0,101303.0,99145.7,100906.0,102054.0
2024-03-06 08:30:00,100964.0,107430.0,99570.2,103669.0,101214.0,99145.7,100906.0,101950.0
2024-03-06 09:00:00,100906.0,107430.0,100052.0,103669.0,101356.0,99156.7,100906.0,101950.0
2024-03-06 09:30:00,102016.0,107430.0,100401.0,103669.0,101428.0,99145.7,100906.0,104455.0
2024-03-06 10:00:00,102016.0,107430.0,100401.0,103669.0,101463.0,99134.6,100906.0,103620.0
2024-03-06 10:30:00,102016.0,107929.0,100401.0,103669.0,101267.0,99145.7,100906.0,102367.0
2024-03-06 11:00:00,102016.0,107703.0,100401.0,103669.0,101356.0,99123.5,100906.0,103202.0
2024-03-06 11:30:00,102016.0,108383.0,100401.0,103669.0,101481.0,99123.5,100906.0,103515.0
2024-03-06 12:00:00,102016.0,108655.0,100401.0,103669.0,101802.0,99123.5,100861.0,102576.0
2024-03-06 12:30:00,102016.0,108201.0,100401.0,103669.0,101481.0,99123.5,100861.0,101532.0
2024-03-06 13:00:00,102016.0,108383.0,100401.0,103669.0,101481.0,99108.0,100861.0,101532.0
2024-03-06 13:30:00,102016.0,108247.0,100145.0,103669.0,101481.0,99108.0,100861.0,101532.0
2024-03-06 14:00:00,102016.0,107748.0,100145.0,103669.0,101481.0,99108.0,100861.0,101532.0
2024-03-06 14:30:00,102016.0,107748.0,100145.0,103669.0,101481.0,99108.0,100861.0,101532.0
2024-03-06 15:00:00,102016.0,107748.0,100145.0,103669.0,101481.0,99108.0,100861.0,101532.0
2024-03-06 15:30:00,102016.0,107748.0,100145.0,103669.0,101481.0,99108.0,100861.0,101532.0
2024-03-06 16:00:00,102016.0,107748.0,100145.0,103669.0,101481.0,99108.0,100861.0,101532.0
2024-03-06 16:30:00,102016.0,107748.0,100145.0,103669.0,101481.0,99108.0,100861.0,101532.0
2024-03-06 18:00:00,102016.0,107748.0,100145.0,103669.0,101481.0,99108.0,100861.0,101532.0
2024-03-06 18:30:00,102016.0,107748.0,100145.0,103669.0,101481.0,99108.0,100861.0,101532.0
2024-03-06 19:00:00,102016.0,107748.0,100145.0,103669.0,101481.0,99108.0,100861.0,101532.0
2024-03-06 19:30:00,102016.0,107748.0,100145.0,103669.0,101481.0,99122.7,100861.0,101532.0
2024-03-06 20:00:00,102016.0,107929.0,100145.0,103669.0,101481.0,99122.7,100861.0,101532.0
2024-03-06 20:30:00,102016.0,108111.0,100145.0,103669.0,101481.0,99108.0,100795.0,101532.0
2024-03-06 21:00:00,101935.0,108020.0,100145.0,103669.0,101481.0,99122.7,101245.0,101532.0
2024-03-06 21:30:00,101935.0,107839.0,100145.0,103669.0,101481.0,99122.7,100756.0,101532.0
2024-03-06 22:00:00,101935.0,107748.0,100145.0,103470.0,101481.0,99122.7,100756.0,101532.0
2024-03-06 22:30:00,101935.0,107748.0,100145.0,103669.0,101481.0,99122.7,100756.0,101532.0
2024-03-06 23:00:00,101935.0,107748.0,100145.0,103755.0,101481.0,99108.0,100756.0,101532.0
2024-03-06 23:30:00,101935.0,107748.0,100145.0,103764.0,101481.0,99108.0,100756.0,101532.0
2024-03-07 00:00:00,101935.0,107748.0,100145.0,103736.0,101481.0,99108.0,100513.0,101106.0
2024-03-07 00:30:00,101935.0,107748.0,100145.0,103717.0,101481.0,99108.0,100513.0,100964.0
2024-03-07 01:00:00,101935.0,107748.0,100145.0,103717.0,101481.0,99108.0,100513.0,100964.0
2024-03-07 01:30:00,101935.0,107748.0,100160.0,103659.0,101481.0,99108.0,100497.0,101290.0
2024-03-07 02:00:00,101935.0,107748.0,100050.0,103644.0,101481.0,99108.0,100497.0,101616.0
2024-03-07 02:30:00,101935.0,107748.0,100050.0,103644.0,101481.0,99108.0,100697.0,102594.0
2024-03-07 03:00:00,101935.0,107748.0,100050.0,103688.0,101481.0,99108.0,101096.0,102431.0
2024-03-07 03:30:00,101935.0,107748.0,100050.0,103615.0,101321.0,99108.0,101096.0,102268.0
2024-03-07 04:00:00,102031.0,107748.0,99510.5,103948.0,101142.0,99108.0,101105.0,102920.0
2024-03-07 04:30:00,102233.0,107748.0,100370.0,104107.0,101142.0,99095.7,101385.0,103084.0
2024-03-07 05:00:00,102116.0,107748.0,100218.0,104238.0,101142.0,99095.7,101385.0,103573.0
2024-03-07 05:30:00,102201.0,107782.0,100201.0,104238.0,101142.0,99095.7,101385.0,103899.0
2024-03-07 06:00:00,101839.0,107782.0,100437.0,104182.0,101142.0,99095.7,101385.0,105366.0
2024-03-07 06:30:00,101839.0,108229.0,100370.0,103934.0,101142.0,99068.7,101385.0,105366.0
2024-03-07 07:00:00,101936.0,108435.0,100117.0,104182.0,101142.0,99068.7,101385.0,105366.0
2024-03-07 07:30:00,102343.0,108435.0,100016.0,104016.0,101142.0,99068.7,101385.0,105366.0
2024-03-07 08:00:00,102906.0,108401.0,99864.3,104459.0,101142.0,99033.9,101385.0,105366.0
2024-03-07 08:30:00,102537.0,108538.0,99712.7,106367.0,101284.0,99033.9,101385.0,105366.0
2024-03-07 09:00:00,101586.0,108538.0,99712.7,106367.0,101284.0,99060.5,101385.0,105366.0
2024-03-07 09:30:00,101586.0,109122.0,99565.1,106367.0,100982.0,99060.5,101536.0,105366.0
2024-03-07 10:00:00,101586.0,107198.0,99835.6,106367.0,100982.0,99060.5,101586.0,105366.0
2024-03-07 10:30:00,101586.0,107198.0,99368.4,106367.0,100982.0,99096.2,102148.0,105366.0
2024-03-07 11:00:00,101586.0,106729.0,98999.5,106367.0,100724.0,99096.2,102148.0,105366.0
2024-03-07 11:30:00,101420.0,106729.0,98999.5,106367.0,100724.0,99096.2,102201.0,105366.0
2024-03-07 12:00:00,101514.0,106070.0,98999.5,106367.0,100690.0,99096.2,102566.0,105366.0
2024-03-07 12:30:00,101649.0,106070.0,98999.5,106367.0,100608.0,99096.2,102566.0,105366.0
2024-03-07 13:00:00,101617.0,106070.0,98999.5,106367.0,100608.0,99096.2,102566.0,105366.0
2024-03-07 13:30:00,101524.0,106070.0,98999.5,106367.0,100608.0,99096.2,102566.0,105366.0
2024-03-07 14:00:00,101711.0,106070.0,98999.5,106367.0,100608.0,99096.2,102566.0,105366.0
2024-03-07 14:30:00,101825.0,106070.0,98999.5,106367.0,100608.0,99096.2,102566.0,105366.0
2024-03-07 15:00:00,101846.0,106070.0,98999.5,106367.0,100608.0,99096.2,102566.0,105366.0
2024-03-07 15:30:00,101680.0,106070.0,98999.5,106367.0,100608.0,99096.2,102566.0,105366.0
2024-03-07 16:00:00,101752.0,106070.0,98999.5,106367.0,100608.0,99096.2,102566.0,105366.0
2024-03-07 16:30:00,101825.0,106070.0,98999.5,106367.0,100608.0,99096.2,102566.0,105366.0
2024-03-07 18:00:00,101835.0,106070.0,98999.5,106367.0,100608.0,99096.2,102566.0,105366.0
2024-03-07 18:30:00,101991.0,106070.0,99104.2,106367.0,100608.0,99096.2,102566.0,105366.0
2024-03-07 19:00:00,102022.0,106070.0,99194.0,106367.0,100608.0,99096.2,102566.0,105366.0
2024-03-07 19:30:00,101898.0,106070.0,99238.9,106367.0,100608.0,99096.2,102566.0,105366.0
2024-03-07 20:00:00,101700.0,106070.0,99238.9,106367.0,100608.0,99096.2,102566.0,105366.0
2024-03-07 20:30:00,101576.0,106070.0,99212.8,106367.0,100608.0,99096.2,102438.0,105366.0
2024-03-07 21:00:00,101576.0,106070.0,99160.7,106367.0,100608.0,99096.2,102438.0,105366.0
2024-03-07 21:30:00,101576.0,106070.0,99147.7,106367.0,100608.0,99096.2,102438.0,105366.0
2024-03-07 22:00:00,101576.0,106070.0,99212.8,106367.0,100608.0,99096.2,102438.0,105366.0
2024-03-07 22:30:00,101576.0,105260.0,99264.9,106367.0,100608.0,99096.2,102438.0,105366.0
2024-03-07 23:00:00,101576.0,105260.0,99382.1,106367.0,100608.0,99096.2,102438.0,105366.0
2024-03-07 23:30:00,101576.0,105260.0,99356.1,106367.0,100608.0,99096.2,102438.0,105366.0
2024-03-08 00:00:00,101576.0,104508.0,99369.1,106367.0,100608.0,99096.2,102438.0,105366.0
2024-03-08 00:30:00,101576.0,104508.0,99460.2,106367.0,100608.0,99096.2,102438.0,105366.0
2024-03-08 01:00:00,101576.0,104508.0,99473.3,106367.0,100608.0,99096.2,102438.0,105366.0
2024-03-08 01:30:00,102254.0,104508.0,99538.4,106367.0,100608.0,99096.2,102438.0,105366.0
2024-03-08 02:00:00,101847.0,104489.0,99473.3,106367.0,100608.0,99096.2,102438.0,105366.0
2024-03-08 02:30:00,102356.0,104085.0,99343.0,106367.0,100608.0,99085.4,102438.0,105366.0
2024-03-08 03:00:00,103848.0,104085.0,99733.7,106367.0,100608.0,99085.4,102547.0,105366.0
2024-03-08 03:30:00,103576.0,104085.0,99889.9,106367.0,100624.0,99085.4,102466.0,105238.0
2024-03-08 04:00:00,104424.0,103553.0,99903.0,106367.0,100310.0,99085.4,103039.0,105623.0
2024-03-08 04:30:00,104899.0,103553.0,99004.5,106367.0,100310.0,99073.7,103393.0,105302.0
2024-03-08 05:00:00,104729.0,103553.0,99004.5,106367.0,100310.0,99073.7,103312.0,104918.0
2024-03-08 05:30:00,104763.0,103553.0,99004.5,106367.0,100454.0,99061.7,103066.0,104918.0
2024-03-08 06:00:00,105068.0,103593.0,99004.5,106367.0,100382.0,99061.7,103202.0,104918.0
2024-03-08 06:30:00,104729.0,103512.0,99004.5,106367.0,100418.0,99086.9,103175.0,104918.0
2024-03-08 07:00:00,104492.0,103512.0,99004.5,105674.0,100274.0,99086.9,102793.0,104918.0
2024-03-08 07:30:00,103949.0,103512.0,99004.5,105674.0,100274.0,99061.7,102520.0,104918.0
2024-03-08 08:00:00,103814.0,103512.0,99004.5,105674.0,100274.0,99061.7,102520.0,104918.0
2024-03-08 08:30:00,105713.0,103512.0,99004.5,105674.0,100274.0,99061.7,102520.0,104918.0
2024-03-08 09:00:00,105068.0,103512.0,98768.6,105674.0,100274.0,99036.7,102520.0,104918.0
2024-03-08 09:30:00,105577.0,103512.0,99098.8,105674.0,100210.0,99036.7,102520.0,104918.0
2024-03-08 10:00:00,105204.0,103512.0,99240.3,105674.0,100032.0,99036.7,102520.0,104918.0
2024-03-08 10:30:00,107713.0,103512.0,98969.1,105674.0,100032.0,99036.7,102520.0,104918.0
2024-03-08 11:00:00,107713.0,103512.0,99617.7,105674.0,100032.0,99036.7,102520.0,104918.0
2024-03-08 11:30:00,107713.0,103512.0,99617.7,105522.0,100032.0,99036.7,102520.0,104918.0
2024-03-08 12:00:00,107713.0,103380.0,99617.7,105836.0,100032.0,99036.7,102372.0,104918.0
2024-03-08 12:30:00,107713.0,104041.0,99617.7,105836.0,100032.0,99036.7,102594.0,105018.0
2024-03-08 13:00:00,107713.0,104349.0,99617.7,105836.0,100032.0,99036.7,102668.0,105218.0
2024-03-08 13:30:00,107713.0,104393.0,99617.7,105836.0,100032.0,99036.7,102742.0,106067.0
2024-03-08 14:00:00,107713.0,107390.0,99617.7,105836.0,100032.0,99036.7,102742.0,106067.0
2024-03-08 14:30:00,107713.0,107390.0,99617.7,105836.0,100032.0,99036.7,102742.0,106067.0
2024-03-08 15:00:00,107713.0,107390.0,99617.7,105836.0,100032.0,99036.7,102742.0,106067.0
2024-03-08 15:30:00,107713.0,107390.0,99617.7,105836.0,100032.0,99036.7,102742.0,106067.0
2024-03-08 16:00:00,107713.0,107390.0,99617.7,105836.0,100032.0,99036.7,102742.0,106067.0
2024-03-08 16:30:00,107713.0,107390.0,99617.7,105836.0,100032.0,99036.7,102742.0,106067.0
2024-03-10 18:00:00,107713.0,107390.0,99617.7,105836.0,100032.0,99068.5,102742.0,106067.0
2024-03-10 18:30:00,107713.0,107390.0,99617.7,105836.0,100032.0,99068.5,102742.0,106067.0
2024-03-10 19:00:00,108428.0,107390.0,99617.7,105836.0,100032.0,99084.3,102742.0,106067.0
2024-03-10 19:30:00,108316.0,107390.0,99617.7,105836.0,100032.0,99084.3,102742.0,106067.0
2024-03-10 20:00:00,108541.0,107390.0,99617.7,105836.0,100032.0,99084.3,102742.0,106067.0
2024-03-10 20:30:00,108990.0,107390.0,99617.7,105836.0,100032.0,99084.3,102742.0,106067.0
2024-03-10 21:00:00,108990.0,107390.0,99617.7,105989.0,100032.0,99084.3,102705.0,106067.0
2024-03-10 21:30:00,108898.0,107390.0,99617.7,106052.0,100032.0,99084.3,102779.0,106067.0
2024-03-10 22:00:00,108649.0,107390.0,99617.7,106007.0,100032.0,99084.3,103296.0,106067.0
2024-03-10 22:30:00,108649.0,107390.0,99617.7,105854.0,100032.0,99084.3,102853.0,106067.0
2024-03-10 23:00:00,108649.0,107390.0,99617.7,105728.0,100032.0,99084.3,101966.0,106067.0
2024-03-10 23:30:00,108649.0,107390.0,99617.7,105468.0,100032.0,99084.3,101966.0,106067.0
